DataPagamentoCMS;Numero_Corretor;Tipo_De_Operacao;Tipo_De_Produto;Banco_Operacao;Orgao_Operacao;Convenio_categoria;Operacao_original;orgão_original;ValorBase;Tipo_Producao
16/06/2023;7;NOVO;EMPRESTIMO CONSIGNADO;FACTA FINANCEIRA;INSS;INSS;Margem Livre (Novo);INSS;800,43;FF
16/06/2023;7;NOVO;EMPRESTIMO CONSIGNADO;FACTA FINANCEIRA;INSS;INSS;Margem Livre (Novo);INSS;5922,39;FF
16/06/2023;7;NOVO;EMPRESTIMO CONSIGNADO;FACTA FINANCEIRA;INSS;INSS;Margem Livre (Novo);INSS;5922,39;FF
16/06/2023;7;NOVO;EMPRESTIMO CONSIGNADO;FACTA FINANCEIRA;INSS;INSS;Margem Livre (Novo);INSS;3531,14;FF
16/06/2023;7;REFINANCIAMENTO DA PORTABILIDADE;EMPRESTIMO CONSIGNADO;BANCO OLÉ CONSIGNADO;INSS;INSS;Refinanciamento da Portabilidade;INSS;1502,7;FF
16/06/2023;7;REFINANCIAMENTO DA PORTABILIDADE;EMPRESTIMO CONSIGNADO;BANCO OLÉ CONSIGNADO;INSS;INSS;Refinanciamento da Portabilidade;INSS;1934,32;FF
16/06/2023;7;NOVO;EMPRESTIMO CONSIGNADO;BANCO C6 BANK;INSS;INSS;Margem Livre (Novo);INSS;2026,03;FF
16/06/2023;7;NOVO;EMPRESTIMO CONSIGNADO;FACTA FINANCEIRA;INSS;INSS;Margem Livre (Novo);INSS;1343,38;FF
16/06/2023;7;FGTS;FGTS;FACTA FINANCEIRA;FGTS;FGTS;Margem Livre (Novo);FGTS;459,53;FF
16/06/2023;7;FGTS;FGTS;FACTA FINANCEIRA;FGTS;FGTS;Margem Livre (Novo);FGTS;911,58;FF
16/06/2023;7;NOVO;EMPRESTIMO CONSIGNADO;BANCO PAN;INSS;INSS;Margem Livre (Novo);INSS;1470,32;FF
16/06/2023;7;REFINANCIAMENTO;EMPRESTIMO CONSIGNADO;BANCO PAN;INSS;INSS;Refinanciamento;INSS;1356,92;FF
16/06/2023;7;FGTS;FGTS;BANCO C6 BANK;FGTS;FGTS;Margem Livre (Novo);FGTS;268,21;FF
16/06/2023;7;FGTS;FGTS;FACTA FINANCEIRA;FGTS;FGTS;Margem Livre (Novo);FGTS;3038,1;FF
16/06/2023;7;FGTS;FGTS;FACTA FINANCEIRA;FGTS;FGTS;Margem Livre (Novo);FGTS;780,72;FF
16/06/2023;7;NOVO;EMPRESTIMO CONSIGNADO;FACTA FINANCEIRA;INSS;INSS;Margem Livre (Novo);INSS;1310,89;FF
16/06/2023;7;NOVO;EMPRESTIMO CONSIGNADO;FACTA FINANCEIRA;FACTA;FACTA;Margem Livre (Novo);FACTA FÁCIL;1000;FF
16/06/2023;7;FGTS;FGTS;FACTA FINANCEIRA;FGTS;FGTS;Margem Livre (Novo);FGTS;1405,41;FF
16/06/2023;7;NOVO;EMPRESTIMO CONSIGNADO;FACTA FINANCEIRA;INSS;INSS;Margem Livre (Novo);INSS;1460,48;FF
16/06/2023;7;REFINANCIAMENTO;EMPRESTIMO CONSIGNADO;BANCO OLÉ CONSIGNADO;INSS;INSS;Refinanciamento;INSS;960,98;FF
16/06/2023;7;REFINANCIAMENTO;EMPRESTIMO CONSIGNADO;BANCO OLÉ CONSIGNADO;INSS;INSS;Refinanciamento;INSS;450,06;FF
16/06/2023;7;REFINANCIAMENTO;EMPRESTIMO CONSIGNADO;BANCO OLÉ CONSIGNADO;INSS;INSS;Refinanciamento;INSS;450,46;FF
16/06/2023;7;NOVO;EMPRESTIMO CONSIGNADO;BANCO OLÉ CONSIGNADO;INSS;INSS;Margem Livre (Novo);INSS;17857,38;FF
16/06/2023;7;NOVO;EMPRESTIMO CONSIGNADO;BANCO OLÉ CONSIGNADO;INSS;INSS;Margem Livre (Novo);INSS;3789,21;FF
16/06/2023;7;NOVO;EMPRESTIMO CONSIGNADO;BANCO OLÉ CONSIGNADO;INSS;INSS;Margem Livre (Novo);INSS;1461,37;FF
16/06/2023;7;NOVO;EMPRESTIMO CONSIGNADO;BANCO OLÉ CONSIGNADO;INSS;INSS;Margem Livre (Novo);INSS;1462,72;FF
16/06/2023;7;FGTS;FGTS;BANCO C6 BANK;FGTS;FGTS;Margem Livre (Novo);FGTS;1600;FF
16/06/2023;7;FGTS;FGTS;BANCO C6 BANK;FGTS;FGTS;Margem Livre (Novo);FGTS;2158,44;FF
16/06/2023;7;FGTS;FGTS;BANCO C6 BANK;FGTS;FGTS;Margem Livre (Novo);FGTS;400,8;FF
16/06/2023;7;FGTS;FGTS;BANCO C6 BANK;FGTS;FGTS;Margem Livre (Novo);FGTS;1295,74;FF
16/06/2023;7;FGTS;FGTS;BANCO C6 BANK;FGTS;FGTS;Margem Livre (Novo);FGTS;376,9;FF
16/06/2023;7;FGTS;FGTS;BANCO C6 BANK;FGTS;FGTS;Margem Livre (Novo);FGTS;387,38;FF
16/06/2023;7;FGTS;FGTS;BANCO C6 BANK;FGTS;FGTS;Margem Livre (Novo);FGTS;336,98;FF
16/06/2023;7;FGTS;FGTS;BANCO C6 BANK;FGTS;FGTS;Margem Livre (Novo);FGTS;1020,03;FF
16/06/2023;7;FGTS;FGTS;BANCO C6 BANK;FGTS;FGTS;Margem Livre (Novo);FGTS;246,7;FF
16/06/2023;7;FGTS;FGTS;BANCO PAN;FGTS;FGTS;Margem Livre (Novo);FGTS;781,36;FF
16/06/2023;7;FGTS;FGTS;BANCO PAN;FGTS;FGTS;Margem Livre (Novo);FGTS;234,83;FF
16/06/2023;7;FGTS;FGTS;BANCO PAN;FGTS;FGTS;Margem Livre (Novo);FGTS;210,66;FF
16/06/2023;7;FGTS;FGTS;BANCO PAN;FGTS;FGTS;Margem Livre (Novo);FGTS;280,73;FF
16/06/2023;7;FGTS;FGTS;BANCO PAN;FGTS;FGTS;Margem Livre (Novo);FGTS;269,36;FF
16/06/2023;7;FGTS;FGTS;BANCO PAN;FGTS;FGTS;Margem Livre (Novo);FGTS;207,62;FF
16/06/2023;7;FGTS;FGTS;BANCO PAN;FGTS;FGTS;Margem Livre (Novo);FGTS;254,07;FF
16/06/2023;7;FGTS;FGTS;BANCO PAN;FGTS;FGTS;Margem Livre (Novo);FGTS;106,2;FF
16/06/2023;7;FGTS;FGTS;BANCO PAN;FGTS;FGTS;Margem Livre (Novo);FGTS;141,78;FF
16/06/2023;7;FGTS;FGTS;BANCO PAN;FGTS;FGTS;Margem Livre (Novo);FGTS;168,45;FF
16/06/2023;7;FGTS;FGTS;BANCO PAN;FGTS;FGTS;Margem Livre (Novo);FGTS;241,03;FF
16/06/2023;7;FGTS;FGTS;BANCO PAN;FGTS;FGTS;Margem Livre (Novo);FGTS;1029,75;FF
16/06/2023;7;FGTS;FGTS;BANCO PAN;FGTS;FGTS;Margem Livre (Novo);FGTS;218,86;FF
16/06/2023;7;FGTS;FGTS;BANCO PAN;FGTS;FGTS;Margem Livre (Novo);FGTS;980,5;FF
16/06/2023;7;FGTS;FGTS;BANCO PAN;FGTS;FGTS;Margem Livre (Novo);FGTS;308,82;FF
16/06/2023;7;FGTS;FGTS;BANCO PAN;FGTS;FGTS;Margem Livre (Novo);FGTS;262,53;FF
16/06/2023;7;FGTS;FGTS;BANCO PAN;FGTS;FGTS;Margem Livre (Novo);FGTS;237,73;FF
16/06/2023;7;REFINANCIAMENTO;EMPRESTIMO CONSIGNADO;BANCO OLÉ CONSIGNADO;INSS;INSS;Refinanciamento;INSS;680,82;FF
16/06/2023;7;FGTS;FGTS;FACTA FINANCEIRA;FGTS;FGTS;Margem Livre (Novo);FGTS;196,34;FF
16/06/2023;7;FGTS;FGTS;FACTA FINANCEIRA;FGTS;FGTS;Margem Livre (Novo);FGTS;197,7;FF
16/06/2023;7;FGTS;FGTS;FACTA FINANCEIRA;FGTS;FGTS;Margem Livre (Novo);FGTS;1930,22;FF
16/06/2023;7;FGTS;FGTS;FACTA FINANCEIRA;FGTS;FGTS;Margem Livre (Novo);FGTS;1400,5;FF
16/06/2023;7;FGTS;FGTS;FACTA FINANCEIRA;FGTS;FGTS;Margem Livre (Novo);FGTS;196,21;FF
16/06/2023;7;FGTS;FGTS;BANCO PAN;FGTS;FGTS;Margem Livre (Novo);FGTS;1564,4;FF
16/06/2023;7;FGTS;FGTS;BANCO PAN;FGTS;FGTS;Margem Livre (Novo);FGTS;448,15;FF
16/06/2023;7;FGTS;FGTS;BANCO PAN;FGTS;FGTS;Margem Livre (Novo);FGTS;230,18;FF
16/06/2023;7;FGTS;FGTS;BANCO PAN;FGTS;FGTS;Margem Livre (Novo);FGTS;130,94;FF
16/06/2023;7;FGTS;FGTS;BANCO PAN;FGTS;FGTS;Margem Livre (Novo);FGTS;408,29;FF
16/06/2023;7;FGTS;FGTS;BANCO PAN;FGTS;FGTS;Margem Livre (Novo);FGTS;83,93;FF
16/06/2023;7;FGTS;FGTS;BANCO PAN;FGTS;FGTS;Margem Livre (Novo);FGTS;232,1;FF
16/06/2023;7;FGTS;FGTS;BANCO PAN;FGTS;FGTS;Margem Livre (Novo);FGTS;2247,54;FF
16/06/2023;7;FGTS;FGTS;BANCO PAN;FGTS;FGTS;Margem Livre (Novo);FGTS;272,56;FF
16/06/2023;7;FGTS;FGTS;BANCO PAN;FGTS;FGTS;Margem Livre (Novo);FGTS;127,14;FF
16/06/2023;7;FGTS;FGTS;BANCO PAN;FGTS;FGTS;Margem Livre (Novo);FGTS;1286,34;FF
16/06/2023;7;FGTS;FGTS;BANCO PAN;FGTS;FGTS;Margem Livre (Novo);FGTS;268,33;FF
16/06/2023;7;CARTAO COM SAQUE;CARTAO CONSIGNADO;FACTA FINANCEIRA;INSS;INSS;Cartão c/ saque;INSS;1400,68;FF
16/06/2023;7;CARTAO COM SAQUE;CARTAO CONSIGNADO;FACTA FINANCEIRA;INSS;INSS;Cartão c/ saque;INSS - CARTÃO BENEFÍCIO;1188,64;FF
16/06/2023;7;CARTAO COM SAQUE;CARTAO CONSIGNADO;FACTA FINANCEIRA;INSS;INSS;Cartão c/ saque;INSS;1188,65;FF
16/06/2023;7;CARTAO COM SAQUE;CARTAO CONSIGNADO;FACTA FINANCEIRA;INSS;INSS;Cartão c/ saque;INSS - CARTÃO BENEFÍCIO;1190,94;FF
16/06/2023;7;CARTAO COM SAQUE;CARTAO CONSIGNADO;FACTA FINANCEIRA;INSS;INSS;Cartão c/ saque;INSS - CARTÃO BENEFÍCIO;1372,26;FF
16/06/2023;7;CARTAO COM SAQUE;CARTAO CONSIGNADO;FACTA FINANCEIRA;INSS;INSS;Cartão c/ saque;INSS - CARTÃO BENEFÍCIO;1372,26;FF
16/06/2023;7;CARTAO COM SAQUE;CARTAO CONSIGNADO;FACTA FINANCEIRA;INSS;INSS;Cartão c/ saque;INSS - CARTÃO BENEFÍCIO;1196,76;FF
16/06/2023;7;CARTAO COM SAQUE;CARTAO CONSIGNADO;FACTA FINANCEIRA;INSS;INSS;Cartão c/ saque;INSS - CARTÃO BENEFÍCIO;1196,76;FF
16/06/2023;7;CARTAO COM SAQUE;CARTAO CONSIGNADO;FACTA FINANCEIRA;INSS;INSS;Cartão c/ saque;INSS - CARTÃO BENEFÍCIO;1376,27;FF
16/06/2023;7;CARTAO COM SAQUE;CARTAO CONSIGNADO;FACTA FINANCEIRA;INSS;INSS;Cartão c/ saque;INSS - CARTÃO BENEFÍCIO;1376,27;FF
16/06/2023;7;CARTAO COM SAQUE;CARTAO CONSIGNADO;FACTA FINANCEIRA;INSS;INSS;Cartão c/ saque;INSS;1196,76;FF
16/06/2023;7;CARTAO COM SAQUE;CARTAO CONSIGNADO;FACTA FINANCEIRA;INSS;INSS;Cartão c/ saque;INSS - CARTÃO BENEFÍCIO;1376,27;FF
16/06/2023;7;CARTAO COM SAQUE;CARTAO CONSIGNADO;FACTA FINANCEIRA;INSS;INSS;Cartão c/ saque;INSS - CARTÃO BENEFÍCIO;1377,62;FF
16/06/2023;7;SAQUE COMPLEMENTAR;CARTAO CONSIGNADO;BANCO OLÉ CONSIGNADO;INSS;INSS;Cartão c/ saque complementar à vista;INSS;665,73;FF
16/06/2023;7;CARTAO COM SAQUE;CARTAO CONSIGNADO;BANCO OLÉ CONSIGNADO;INSS;INSS;Cartão c/ saque;INSS;1275,96;FF
16/06/2023;7;CARTAO COM SAQUE;CARTAO CONSIGNADO;BANCO OLÉ CONSIGNADO;INSS;INSS;Cartão c/ saque;INSS;1327,31;FF
16/06/2023;7;CARTAO CONSIGNADO;CARTAO CONSIGNADO;BANCO OLÉ CONSIGNADO;OUTROS;OUTROS;CARTAO CONSIGNADO;NAO INFORMADO;17578,06;Lançamentos
16/06/2023;129;NOVO;EMPRESTIMO CONSIGNADO;BANCO DAYCOVAL;PREFEITURAS - SC;PREFEITURAS;Margem Livre (Novo);PREF. DE FLORIANÓPOLIS - SC;7000;FF
16/06/2023;129;FGTS;FGTS;BANCO C6 BANK;FGTS;FGTS;Margem Livre (Novo);FGTS;316,1;FF
16/06/2023;187;FGTS;FGTS;BANCO PAN;FGTS;FGTS;Margem Livre (Novo);FGTS;161,92;FF
16/06/2023;187;FGTS;FGTS;BANCO PAN;FGTS;FGTS;Margem Livre (Novo);FGTS;378,66;FF
16/06/2023;187;NOVO;EMPRESTIMO CONSIGNADO;BANCO OLÉ CONSIGNADO;GOVERNOS - PR;GOVERNOS;Margem Livre (Novo);GOVERNO PR;5101,04;FF
16/06/2023;187;FGTS;FGTS;BANCO PAN;FGTS;FGTS;Margem Livre (Novo);FGTS;441,03;FF
16/06/2023;287;FGTS;FGTS;BANCO MERCANTIL DO BRASIL;FGTS;FGTS;Margem Livre (Novo);FGTS;552,74;FF
16/06/2023;287;FGTS;FGTS;BANCO MERCANTIL DO BRASIL;FGTS;FGTS;Margem Livre (Novo);FGTS;1019,58;FF
16/06/2023;287;FGTS;FGTS;BANCO MERCANTIL DO BRASIL;FGTS;FGTS;Margem Livre (Novo);FGTS;384,14;FF
16/06/2023;287;FGTS;FGTS;BANCO MERCANTIL DO BRASIL;FGTS;FGTS;Margem Livre (Novo);FGTS;154,16;FF
16/06/2023;287;FGTS;FGTS;BANCO MERCANTIL DO BRASIL;FGTS;FGTS;Margem Livre (Novo);FGTS;246,55;FF
16/06/2023;287;FGTS;FGTS;BANCO MERCANTIL DO BRASIL;FGTS;FGTS;Margem Livre (Novo);FGTS;522,29;FF
16/06/2023;287;FGTS;FGTS;BANCO MERCANTIL DO BRASIL;FGTS;FGTS;Margem Livre (Novo);FGTS;1530,49;FF
16/06/2023;287;FGTS;FGTS;BANCO MERCANTIL DO BRASIL;FGTS;FGTS;Margem Livre (Novo);FGTS;251,82;FF
16/06/2023;287;FGTS;FGTS;BANCO MERCANTIL DO BRASIL;FGTS;FGTS;Margem Livre (Novo);FGTS;291,89;FF
16/06/2023;287;FGTS;FGTS;BANCO MERCANTIL DO BRASIL;FGTS;FGTS;Margem Livre (Novo);FGTS;1349,4;FF
16/06/2023;287;FGTS;FGTS;BANCO MERCANTIL DO BRASIL;FGTS;FGTS;Margem Livre (Novo);FGTS;646,93;FF
16/06/2023;287;FGTS;FGTS;BANCO MERCANTIL DO BRASIL;FGTS;FGTS;Margem Livre (Novo);FGTS;2553,77;FF
16/06/2023;287;FGTS;FGTS;BANCO PAN;FGTS;FGTS;Margem Livre (Novo);FGTS;101,07;FF
16/06/2023;287;FGTS;FGTS;BANCO PAN;FGTS;FGTS;Margem Livre (Novo);FGTS;269,51;FF
16/06/2023;287;FGTS;FGTS;BANCO PAN;FGTS;FGTS;Margem Livre (Novo);FGTS;351,92;FF
16/06/2023;287;FGTS;FGTS;BANCO MERCANTIL DO BRASIL;FGTS;FGTS;Margem Livre (Novo);FGTS;771,47;FF
16/06/2023;287;FGTS;FGTS;BANCO MERCANTIL DO BRASIL;FGTS;FGTS;Margem Livre (Novo);FGTS;583,24;FF
16/06/2023;287;FGTS;FGTS;BANCO MERCANTIL DO BRASIL;FGTS;FGTS;Margem Livre (Novo);FGTS;476,38;FF
16/06/2023;287;FGTS;FGTS;BANCO MERCANTIL DO BRASIL;FGTS;FGTS;Margem Livre (Novo);FGTS;888,96;FF
16/06/2023;287;FGTS;FGTS;BANCO MERCANTIL DO BRASIL;FGTS;FGTS;Margem Livre (Novo);FGTS;1110,67;FF
16/06/2023;287;FGTS;FGTS;BANCO MERCANTIL DO BRASIL;FGTS;FGTS;Margem Livre (Novo);FGTS;654,69;FF
16/06/2023;287;FGTS;FGTS;BANCO MERCANTIL DO BRASIL;FGTS;FGTS;Margem Livre (Novo);FGTS;267,15;FF
16/06/2023;287;FGTS;FGTS;BANCO MERCANTIL DO BRASIL;FGTS;FGTS;Margem Livre (Novo);FGTS;215,07;FF
16/06/2023;287;FGTS;FGTS;BANCO MERCANTIL DO BRASIL;FGTS;FGTS;Margem Livre (Novo);FGTS;1580,12;FF
16/06/2023;287;FGTS;FGTS;BANCO MERCANTIL DO BRASIL;FGTS;FGTS;Margem Livre (Novo);FGTS;550,82;FF
16/06/2023;287;FGTS;FGTS;BANCO MERCANTIL DO BRASIL;FGTS;FGTS;Margem Livre (Novo);FGTS;225,3;FF
16/06/2023;287;FGTS;FGTS;BANCO MERCANTIL DO BRASIL;FGTS;FGTS;Margem Livre (Novo);FGTS;1742,83;FF
16/06/2023;287;FGTS;FGTS;BANCO MERCANTIL DO BRASIL;FGTS;FGTS;Margem Livre (Novo);FGTS;217,34;FF
16/06/2023;287;FGTS;FGTS;BANCO MERCANTIL DO BRASIL;FGTS;FGTS;Margem Livre (Novo);FGTS;249,75;FF
16/06/2023;287;FGTS;FGTS;BANCO MERCANTIL DO BRASIL;FGTS;FGTS;Margem Livre (Novo);FGTS;456,75;FF
16/06/2023;287;FGTS;FGTS;BANCO PAN;FGTS;FGTS;Margem Livre (Novo);FGTS;278,52;FF
16/06/2023;287;FGTS;FGTS;BANCO PAN;FGTS;FGTS;Margem Livre (Novo);FGTS;190,25;FF
16/06/2023;287;FGTS;FGTS;BANCO PAN;FGTS;FGTS;Margem Livre (Novo);FGTS;256,78;FF
16/06/2023;287;FGTS;FGTS;BANCO PAN;FGTS;FGTS;Margem Livre (Novo);FGTS;353,27;FF
16/06/2023;287;FGTS;FGTS;BANCO PAN;FGTS;FGTS;Margem Livre (Novo);FGTS;304,87;FF
16/06/2023;287;FGTS;FGTS;BANCO PAN;FGTS;FGTS;Margem Livre (Novo);FGTS;290,11;FF
16/06/2023;287;FGTS;FGTS;BANCO PAN;FGTS;FGTS;Margem Livre (Novo);FGTS;387,54;FF
16/06/2023;287;FGTS;FGTS;BANCO PAN;FGTS;FGTS;Margem Livre (Novo);FGTS;503,36;FF
16/06/2023;331;FGTS;FGTS;BANCO PAN;FGTS;FGTS;Margem Livre (Novo);FGTS;257,14;FF
16/06/2023;331;FGTS;FGTS;BANCO PAN;FGTS;FGTS;Margem Livre (Novo);FGTS;304,85;FF
16/06/2023;331;FGTS;FGTS;BANCO PAN;FGTS;FGTS;Margem Livre (Novo);FGTS;1019,15;FF
16/06/2023;331;FGTS;FGTS;BANCO PAN;FGTS;FGTS;Margem Livre (Novo);FGTS;305,12;FF
16/06/2023;357;FGTS;FGTS;BANCO PAN;FGTS;FGTS;Margem Livre (Novo);FGTS;383,5;FF
16/06/2023;461;FGTS;FGTS;BANCO PAN;FGTS;FGTS;Margem Livre (Novo);FGTS;176,2;FF
16/06/2023;461;FGTS;FGTS;BANCO C6 BANK;FGTS;FGTS;Margem Livre (Novo);FGTS;324,1;FF
16/06/2023;461;FGTS;FGTS;BANCO C6 BANK;FGTS;FGTS;Margem Livre (Novo);FGTS;355,68;FF
16/06/2023;461;FGTS;FGTS;BANCO C6 BANK;FGTS;FGTS;Margem Livre (Novo);FGTS;312,6;FF
16/06/2023;461;FGTS;FGTS;BANCO PAN;FGTS;FGTS;Margem Livre (Novo);FGTS;229,88;FF
16/06/2023;461;FGTS;FGTS;BANCO PAN;FGTS;FGTS;Margem Livre (Novo);FGTS;297,08;FF
16/06/2023;461;FGTS;FGTS;BANCO PAN;FGTS;FGTS;Margem Livre (Novo);FGTS;5063,67;FF
16/06/2023;461;FGTS;FGTS;BANCO PAN;FGTS;FGTS;Margem Livre (Novo);FGTS;362,09;FF
16/06/2023;461;FGTS;FGTS;BANCO PAN;FGTS;FGTS;Margem Livre (Novo);FGTS;1134;FF
16/06/2023;461;FGTS;FGTS;BANCO PAN;FGTS;FGTS;Margem Livre (Novo);FGTS;108,68;FF
16/06/2023;461;FGTS;FGTS;BANCO PAN;FGTS;FGTS;Margem Livre (Novo);FGTS;102,89;FF
16/06/2023;461;FGTS;FGTS;BANCO PAN;FGTS;FGTS;Margem Livre (Novo);FGTS;186,41;FF
16/06/2023;461;FGTS;FGTS;BANCO PAN;FGTS;FGTS;Margem Livre (Novo);FGTS;134,78;FF
16/06/2023;597;FGTS;FGTS;BANCO C6 BANK;FGTS;FGTS;Margem Livre (Novo);FGTS;271,18;FF
16/06/2023;597;FGTS;FGTS;BANCO PAN;FGTS;FGTS;Margem Livre (Novo);FGTS;1257,35;FF
16/06/2023;638;FGTS;FGTS;BANCO PAN;FGTS;FGTS;Margem Livre (Novo);FGTS;130,29;FF
16/06/2023;638;FGTS;FGTS;BANCO PAN;FGTS;FGTS;Margem Livre (Novo);FGTS;101,93;FF
16/06/2023;638;FGTS;FGTS;BANCO PAN;FGTS;FGTS;Margem Livre (Novo);FGTS;214,97;FF
16/06/2023;638;FGTS;FGTS;BANCO PAN;FGTS;FGTS;Margem Livre (Novo);FGTS;102,57;FF
16/06/2023;638;FGTS;FGTS;BANCO PAN;FGTS;FGTS;Margem Livre (Novo);FGTS;970,77;FF
16/06/2023;638;FGTS;FGTS;BANCO PAN;FGTS;FGTS;Margem Livre (Novo);FGTS;505,4;FF
16/06/2023;638;FGTS;FGTS;BANCO PAN;FGTS;FGTS;Margem Livre (Novo);FGTS;162,26;FF
16/06/2023;638;FGTS;FGTS;BANCO PAN;FGTS;FGTS;Margem Livre (Novo);FGTS;1052,22;FF
16/06/2023;638;FGTS;FGTS;BANCO PAN;FGTS;FGTS;Margem Livre (Novo);FGTS;1146,51;FF
16/06/2023;638;FGTS;FGTS;BANCO PAN;FGTS;FGTS;Margem Livre (Novo);FGTS;164,46;FF
16/06/2023;638;FGTS;FGTS;BANCO PAN;FGTS;FGTS;Margem Livre (Novo);FGTS;106,77;FF
16/06/2023;638;FGTS;FGTS;BANCO PAN;FGTS;FGTS;Margem Livre (Novo);FGTS;556,09;FF
16/06/2023;638;FGTS;FGTS;BANCO PAN;FGTS;FGTS;Margem Livre (Novo);FGTS;1387,04;FF
16/06/2023;638;FGTS;FGTS;BANCO PAN;FGTS;FGTS;Margem Livre (Novo);FGTS;1064,06;FF
16/06/2023;638;FGTS;FGTS;BANCO PAN;FGTS;FGTS;Margem Livre (Novo);FGTS;710,8;FF
16/06/2023;638;FGTS;FGTS;BANCO PAN;FGTS;FGTS;Margem Livre (Novo);FGTS;145,83;FF
16/06/2023;638;FGTS;FGTS;BANCO PAN;FGTS;FGTS;Margem Livre (Novo);FGTS;1037,87;FF
16/06/2023;722;FGTS;FGTS;BANCO MERCANTIL DO BRASIL;FGTS;FGTS;Margem Livre (Novo);FGTS;160,96;FF
16/06/2023;722;FGTS;FGTS;BANCO MERCANTIL DO BRASIL;FGTS;FGTS;Margem Livre (Novo);FGTS;194,6;FF
16/06/2023;722;FGTS;FGTS;BANCO MERCANTIL DO BRASIL;FGTS;FGTS;Margem Livre (Novo);FGTS;118,85;FF
16/06/2023;925;FGTS;FGTS;BANCO MASTER;FGTS;FGTS;Margem Livre (Novo);FGTS;344,45;FF
16/06/2023;925;FGTS;FGTS;BANCO MASTER;FGTS;FGTS;Margem Livre (Novo);FGTS;1249,72;FF
16/06/2023;925;FGTS;FGTS;BANCO MASTER;FGTS;FGTS;Margem Livre (Novo);FGTS;323,19;FF
16/06/2023;925;FGTS;FGTS;BANCO MASTER;FGTS;FGTS;Margem Livre (Novo);FGTS;267,86;FF
16/06/2023;925;FGTS;FGTS;BANCO PAN;FGTS;FGTS;Margem Livre (Novo);FGTS;105,53;FF
16/06/2023;925;FGTS;FGTS;BANCO PAN;FGTS;FGTS;Margem Livre (Novo);FGTS;60,22;FF
16/06/2023;925;FGTS;FGTS;BANCO PAN;FGTS;FGTS;Margem Livre (Novo);FGTS;328,54;FF
16/06/2023;925;FGTS;FGTS;BANCO PAN;FGTS;FGTS;Margem Livre (Novo);FGTS;135,08;FF
16/06/2023;925;FGTS;FGTS;BANCO PAN;FGTS;FGTS;Margem Livre (Novo);FGTS;346,95;FF
16/06/2023;1100;FGTS;FGTS;BANCO C6 BANK;FGTS;FGTS;Margem Livre (Novo);FGTS;212,4;FF
16/06/2023;1100;FGTS;FGTS;BANCO C6 BANK;FGTS;FGTS;Margem Livre (Novo);FGTS;356,44;FF
16/06/2023;1100;FGTS;FGTS;BANCO C6 BANK;FGTS;FGTS;Margem Livre (Novo);FGTS;244,93;FF
16/06/2023;1100;FGTS;FGTS;BANCO C6 BANK;FGTS;FGTS;Margem Livre (Novo);FGTS;836,44;FF
16/06/2023;1100;FGTS;FGTS;BANCO C6 BANK;FGTS;FGTS;Margem Livre (Novo);FGTS;246,67;FF
16/06/2023;1128;REFINANCIAMENTO;EMPRESTIMO CONSIGNADO;BANCO ITAÚ CONSIGNADO;INSS;INSS;Refinanciamento;INSS;472,28;FF
16/06/2023;1128;FGTS;FGTS;BANCO PAN;FGTS;FGTS;Margem Livre (Novo);FGTS;302,88;FF
16/06/2023;1128;FGTS;FGTS;BANCO PAN;FGTS;FGTS;Margem Livre (Novo);FGTS;222,43;FF
16/06/2023;1128;FGTS;FGTS;BANCO PAN;FGTS;FGTS;Margem Livre (Novo);FGTS;173,55;FF
16/06/2023;1128;FGTS;FGTS;BANCO PAN;FGTS;FGTS;Margem Livre (Novo);FGTS;581,08;FF
16/06/2023;1128;FGTS;FGTS;BANCO PAN;FGTS;FGTS;Margem Livre (Novo);FGTS;3989,69;FF
16/06/2023;1128;FGTS;FGTS;BANCO PAN;FGTS;FGTS;Margem Livre (Novo);FGTS;255,62;FF
16/06/2023;1276;CARTAO BENEFICIO;CARTAO BENEFICIO;BANCO MASTER;GOVERNOS - BA;GOVERNOS;Cartão c/ saque;GOVERNO BA - CARTÃO BENEFÍCIO;3000;FF
16/06/2023;1291;NOVO;EMPRESTIMO CONSIGNADO;BANCO BRADESCO;GOVERNOS - PR;GOVERNOS;Margem Livre (Novo);GOVERNO PR;1344,34;FF
16/06/2023;1300;CARTAO BENEFICIO;CARTAO BENEFICIO;BANCO MASTER;NÃO PADRONIZADOS;NAO CATEGORIZADO;Cartão c/ saque;GOVERNO MT - CARTÃO BENEFÍCIO;2000;FF
16/06/2023;1300;CARTAO BENEFICIO;CARTAO BENEFICIO;BANCO MASTER;NÃO PADRONIZADOS;NAO CATEGORIZADO;Cartão c/ saque;GOVERNO MT - CARTÃO BENEFÍCIO;5018,58;FF
16/06/2023;1300;CARTAO BENEFICIO;CARTAO BENEFICIO;BANCO MASTER;NÃO PADRONIZADOS;NAO CATEGORIZADO;Cartão c/ saque;GOVERNO MT - CARTÃO BENEFÍCIO;6494,91;FF
16/06/2023;1343;FGTS;FGTS;BANCO MERCANTIL DO BRASIL;FGTS;FGTS;Margem Livre (Novo);FGTS;99,63;FF
16/06/2023;1343;FGTS;FGTS;BANCO MERCANTIL DO BRASIL;FGTS;FGTS;Margem Livre (Novo);FGTS;147,03;FF
16/06/2023;1343;FGTS;FGTS;BANCO MERCANTIL DO BRASIL;FGTS;FGTS;Margem Livre (Novo);FGTS;107,05;FF
16/06/2023;1343;FGTS;FGTS;BANCO MERCANTIL DO BRASIL;FGTS;FGTS;Margem Livre (Novo);FGTS;123,15;FF
16/06/2023;1343;FGTS;FGTS;BANCO MERCANTIL DO BRASIL;FGTS;FGTS;Margem Livre (Novo);FGTS;122,54;FF
16/06/2023;1343;FGTS;FGTS;BANCO MERCANTIL DO BRASIL;FGTS;FGTS;Margem Livre (Novo);FGTS;107,56;FF
16/06/2023;1343;FGTS;FGTS;BANCO MERCANTIL DO BRASIL;FGTS;FGTS;Margem Livre (Novo);FGTS;178,28;FF
16/06/2023;1343;FGTS;FGTS;BANCO MERCANTIL DO BRASIL;FGTS;FGTS;Margem Livre (Novo);FGTS;143,03;FF
16/06/2023;1343;FGTS;FGTS;BANCO MERCANTIL DO BRASIL;FGTS;FGTS;Margem Livre (Novo);FGTS;106,69;FF
16/06/2023;1343;FGTS;FGTS;BANCO MERCANTIL DO BRASIL;FGTS;FGTS;Margem Livre (Novo);FGTS;105,63;FF
16/06/2023;1343;FGTS;FGTS;BANCO MERCANTIL DO BRASIL;FGTS;FGTS;Margem Livre (Novo);FGTS;98,11;FF
16/06/2023;1343;FGTS;FGTS;BANCO MERCANTIL DO BRASIL;FGTS;FGTS;Margem Livre (Novo);FGTS;179,35;FF
16/06/2023;1448;NOVO;EMPRESTIMO CONSIGNADO;BANCO OLÉ CONSIGNADO;INSS;INSS;Margem Livre (Novo);INSS;1471,95;FF
16/06/2023;1557;FGTS;FGTS;BANCO PAN;FGTS;FGTS;Margem Livre (Novo);FGTS;133,36;FF
16/06/2023;1557;FGTS;FGTS;BANCO PAN;FGTS;FGTS;Margem Livre (Novo);FGTS;176,47;FF
16/06/2023;1557;FGTS;FGTS;BANCO PAN;FGTS;FGTS;Margem Livre (Novo);FGTS;124,74;FF
16/06/2023;1557;FGTS;FGTS;BANCO PAN;FGTS;FGTS;Margem Livre (Novo);FGTS;163,8;FF
16/06/2023;1614;PORTABILIDADE;EMPRESTIMO CONSIGNADO;BANCO PAN;INSS;INSS;Portabilidade;INSS;6077,83;FF
16/06/2023;1780;REFINANCIAMENTO;EMPRESTIMO CONSIGNADO;BANCO ITAÚ CONSIGNADO;INSS;INSS;Refinanciamento;INSS;380,35;FF
16/06/2023;1780;FGTS;FGTS;BANCO PAN;FGTS;FGTS;Margem Livre (Novo);FGTS;541,21;FF
16/06/2023;1780;FGTS;FGTS;BANCO PAN;FGTS;FGTS;Margem Livre (Novo);FGTS;416,29;FF
16/06/2023;1780;FGTS;FGTS;BANCO PAN;FGTS;FGTS;Margem Livre (Novo);FGTS;240,01;FF
16/06/2023;1822;REFINANCIAMENTO;EMPRESTIMO CONSIGNADO;BANCO ITAÚ CONSIGNADO;INSS;INSS;Refinanciamento;INSS;311,49;FF
16/06/2023;1822;FGTS;FGTS;BANCO PAN;FGTS;FGTS;Margem Livre (Novo);FGTS;145,05;FF
16/06/2023;1822;FGTS;FGTS;BANCO PAN;FGTS;FGTS;Margem Livre (Novo);FGTS;138,78;FF
16/06/2023;1822;CARTAO BENEFICIO;CARTAO BENEFICIO;BANCO MASTER;PREFEITURAS - BA;PREFEITURAS;Cartão c/ saque;PREF. DE SALVADOR - Cartão Benefício;2459,8;FF
16/06/2023;1842;FGTS;FGTS;BANCO PAN;FGTS;FGTS;Margem Livre (Novo);FGTS;476,58;FF
16/06/2023;1842;FGTS;FGTS;BANCO PAN;FGTS;FGTS;Margem Livre (Novo);FGTS;8419,52;FF
16/06/2023;1916;FGTS;FGTS;BANCO PAN;FGTS;FGTS;Margem Livre (Novo);FGTS;236,29;FF
16/06/2023;1916;FGTS;FGTS;BANCO PAN;FGTS;FGTS;Margem Livre (Novo);FGTS;486,65;FF
16/06/2023;1916;FGTS;FGTS;BANCO PAN;FGTS;FGTS;Margem Livre (Novo);FGTS;213,39;FF
16/06/2023;1916;FGTS;FGTS;BANCO PAN;FGTS;FGTS;Margem Livre (Novo);FGTS;355,32;FF
16/06/2023;1916;FGTS;FGTS;BANCO PAN;FGTS;FGTS;Margem Livre (Novo);FGTS;1116,94;FF
16/06/2023;1942;FGTS;FGTS;BANCO C6 BANK;FGTS;FGTS;Margem Livre (Novo);FGTS;233,56;FF
16/06/2023;1942;FGTS;FGTS;BANCO C6 BANK;FGTS;FGTS;Margem Livre (Novo);FGTS;425,12;FF
16/06/2023;1942;FGTS;FGTS;BANCO C6 BANK;FGTS;FGTS;Margem Livre (Novo);FGTS;401,45;FF
16/06/2023;1942;FGTS;FGTS;BANCO C6 BANK;FGTS;FGTS;Margem Livre (Novo);FGTS;346,57;FF
16/06/2023;1942;FGTS;FGTS;BANCO C6 BANK;FGTS;FGTS;Margem Livre (Novo);FGTS;344,03;FF
16/06/2023;1942;FGTS;FGTS;BANCO C6 BANK;FGTS;FGTS;Margem Livre (Novo);FGTS;204,17;FF
16/06/2023;1942;FGTS;FGTS;BANCO C6 BANK;FGTS;FGTS;Margem Livre (Novo);FGTS;345,64;FF
16/06/2023;1942;FGTS;FGTS;BANCO C6 BANK;FGTS;FGTS;Margem Livre (Novo);FGTS;267,48;FF
16/06/2023;1942;FGTS;FGTS;BANCO MERCANTIL DO BRASIL;FGTS;FGTS;Margem Livre (Novo);FGTS;159,48;FF
16/06/2023;1942;FGTS;FGTS;BANCO C6 BANK;FGTS;FGTS;Margem Livre (Novo);FGTS;996,85;FF
16/06/2023;1942;FGTS;FGTS;BANCO C6 BANK;FGTS;FGTS;Margem Livre (Novo);FGTS;235,02;FF
16/06/2023;1942;FGTS;FGTS;BANCO C6 BANK;FGTS;FGTS;Margem Livre (Novo);FGTS;204,83;FF
16/06/2023;1942;FGTS;FGTS;BANCO C6 BANK;FGTS;FGTS;Margem Livre (Novo);FGTS;219,6;FF
16/06/2023;1942;FGTS;FGTS;BANCO MERCANTIL DO BRASIL;FGTS;FGTS;Margem Livre (Novo);FGTS;173,34;FF
16/06/2023;1942;FGTS;FGTS;BANCO MERCANTIL DO BRASIL;FGTS;FGTS;Margem Livre (Novo);FGTS;118,91;FF
16/06/2023;1942;FGTS;FGTS;BANCO MERCANTIL DO BRASIL;FGTS;FGTS;Margem Livre (Novo);FGTS;149,49;FF
16/06/2023;1942;FGTS;FGTS;BANCO C6 BANK;FGTS;FGTS;Margem Livre (Novo);FGTS;261,93;FF
16/06/2023;1942;FGTS;FGTS;BANCO C6 BANK;FGTS;FGTS;Margem Livre (Novo);FGTS;623,11;FF
16/06/2023;1942;FGTS;FGTS;BANCO C6 BANK;FGTS;FGTS;Margem Livre (Novo);FGTS;242,78;FF
16/06/2023;1942;FGTS;FGTS;BANCO C6 BANK;FGTS;FGTS;Margem Livre (Novo);FGTS;275,78;FF
16/06/2023;1942;FGTS;FGTS;BANCO C6 BANK;FGTS;FGTS;Margem Livre (Novo);FGTS;232,49;FF
16/06/2023;1969;FGTS;FGTS;BANCO PAN;FGTS;FGTS;Margem Livre (Novo);FGTS;888,44;FF
16/06/2023;1969;FGTS;FGTS;BANCO PAN;FGTS;FGTS;Margem Livre (Novo);FGTS;351,88;FF
16/06/2023;1969;FGTS;FGTS;BANCO PAN;FGTS;FGTS;Margem Livre (Novo);FGTS;246,72;FF
16/06/2023;1969;FGTS;FGTS;BANCO PAN;FGTS;FGTS;Margem Livre (Novo);FGTS;266,73;FF
16/06/2023;1969;FGTS;FGTS;BANCO PAN;FGTS;FGTS;Margem Livre (Novo);FGTS;247,96;FF
16/06/2023;1969;FGTS;FGTS;BANCO PAN;FGTS;FGTS;Margem Livre (Novo);FGTS;258,06;FF
16/06/2023;1969;FGTS;FGTS;BANCO PAN;FGTS;FGTS;Margem Livre (Novo);FGTS;220,18;FF
16/06/2023;1969;FGTS;FGTS;BANCO PAN;FGTS;FGTS;Margem Livre (Novo);FGTS;119,8;FF
16/06/2023;1969;FGTS;FGTS;BANCO PAN;FGTS;FGTS;Margem Livre (Novo);FGTS;1822,87;FF
16/06/2023;1969;FGTS;FGTS;BANCO PAN;FGTS;FGTS;Margem Livre (Novo);FGTS;267,72;FF
16/06/2023;1969;FGTS;FGTS;BANCO PAN;FGTS;FGTS;Margem Livre (Novo);FGTS;444,78;FF
16/06/2023;1969;FGTS;FGTS;BANCO PAN;FGTS;FGTS;Margem Livre (Novo);FGTS;150,98;FF
16/06/2023;1969;FGTS;FGTS;BANCO PAN;FGTS;FGTS;Margem Livre (Novo);FGTS;246,44;FF
16/06/2023;2010;FGTS;FGTS;BANCO C6 BANK;FGTS;FGTS;Margem Livre (Novo);FGTS;236,41;FF
16/06/2023;2010;SAQUE COMPLEMENTAR;CARTAO CONSIGNADO;BANCO DAYCOVAL;UNIVERSIDADE;UNIVERSIDADE;Cartão c/ saque complementar à vista;USP;1043;FF
16/06/2023;2136;FGTS;FGTS;BANCO C6 BANK;FGTS;FGTS;Margem Livre (Novo);FGTS;210,43;FF
16/06/2023;2136;FGTS;FGTS;BANCO PAN;FGTS;FGTS;Margem Livre (Novo);FGTS;155,25;FF
16/06/2023;2136;FGTS;FGTS;BANCO C6 BANK;FGTS;FGTS;Margem Livre (Novo);FGTS;298,4;FF
16/06/2023;2136;FGTS;FGTS;BANCO C6 BANK;FGTS;FGTS;Margem Livre (Novo);FGTS;312,21;FF
16/06/2023;2136;FGTS;FGTS;BANCO PAN;FGTS;FGTS;Margem Livre (Novo);FGTS;200,03;FF
16/06/2023;2136;FGTS;FGTS;BANCO C6 BANK;FGTS;FGTS;Margem Livre (Novo);FGTS;278,6;FF
16/06/2023;2136;FGTS;FGTS;BANCO C6 BANK;FGTS;FGTS;Margem Livre (Novo);FGTS;208,67;FF
16/06/2023;2136;FGTS;FGTS;BANCO C6 BANK;FGTS;FGTS;Margem Livre (Novo);FGTS;284,04;FF
16/06/2023;2136;FGTS;FGTS;BANCO C6 BANK;FGTS;FGTS;Margem Livre (Novo);FGTS;394,73;FF
16/06/2023;2136;FGTS;FGTS;BANCO C6 BANK;FGTS;FGTS;Margem Livre (Novo);FGTS;220,38;FF
16/06/2023;2136;FGTS;FGTS;BANCO C6 BANK;FGTS;FGTS;Margem Livre (Novo);FGTS;242,72;FF
16/06/2023;2136;FGTS;FGTS;BANCO C6 BANK;FGTS;FGTS;Margem Livre (Novo);FGTS;241,82;FF
16/06/2023;2136;FGTS;FGTS;BANCO C6 BANK;FGTS;FGTS;Margem Livre (Novo);FGTS;242,2;FF
16/06/2023;2136;FGTS;FGTS;BANCO C6 BANK;FGTS;FGTS;Margem Livre (Novo);FGTS;508,85;FF
16/06/2023;2136;FGTS;FGTS;BANCO PAN;FGTS;FGTS;Margem Livre (Novo);FGTS;305,19;FF
16/06/2023;2136;FGTS;FGTS;BANCO PAN;FGTS;FGTS;Margem Livre (Novo);FGTS;390,75;FF
16/06/2023;2136;FGTS;FGTS;BANCO PAN;FGTS;FGTS;Margem Livre (Novo);FGTS;94,18;FF
16/06/2023;2136;FGTS;FGTS;BANCO PAN;FGTS;FGTS;Margem Livre (Novo);FGTS;100,02;FF
16/06/2023;2136;FGTS;FGTS;BANCO PAN;FGTS;FGTS;Margem Livre (Novo);FGTS;354,73;FF
16/06/2023;2136;FGTS;FGTS;BANCO PAN;FGTS;FGTS;Margem Livre (Novo);FGTS;372,59;FF
16/06/2023;2136;FGTS;FGTS;BANCO PAN;FGTS;FGTS;Margem Livre (Novo);FGTS;144,77;FF
16/06/2023;2136;FGTS;FGTS;BANCO PAN;FGTS;FGTS;Margem Livre (Novo);FGTS;304,12;FF
16/06/2023;2136;FGTS;FGTS;BANCO PAN;FGTS;FGTS;Margem Livre (Novo);FGTS;117,91;FF
16/06/2023;2136;FGTS;FGTS;BANCO C6 BANK;FGTS;FGTS;Margem Livre (Novo);FGTS;211,88;FF
16/06/2023;2136;FGTS;FGTS;BANCO PAN;FGTS;FGTS;Margem Livre (Novo);FGTS;234,57;FF
16/06/2023;2136;FGTS;FGTS;BANCO PAN;FGTS;FGTS;Margem Livre (Novo);FGTS;146,94;FF
16/06/2023;2136;FGTS;FGTS;BANCO PAN;FGTS;FGTS;Margem Livre (Novo);FGTS;431;FF
16/06/2023;2136;FGTS;FGTS;BANCO C6 BANK;FGTS;FGTS;Margem Livre (Novo);FGTS;535,93;FF
16/06/2023;2136;FGTS;FGTS;BANCO PAN;FGTS;FGTS;Margem Livre (Novo);FGTS;107,45;FF
16/06/2023;2136;FGTS;FGTS;BANCO PAN;FGTS;FGTS;Margem Livre (Novo);FGTS;1049,38;FF
16/06/2023;2136;FGTS;FGTS;BANCO PAN;FGTS;FGTS;Margem Livre (Novo);FGTS;4480,87;FF
16/06/2023;2136;FGTS;FGTS;BANCO PAN;FGTS;FGTS;Margem Livre (Novo);FGTS;128,96;FF
16/06/2023;2136;FGTS;FGTS;BANCO PAN;FGTS;FGTS;Margem Livre (Novo);FGTS;163,47;FF
16/06/2023;2136;FGTS;FGTS;BANCO PAN;FGTS;FGTS;Margem Livre (Novo);FGTS;227,63;FF
16/06/2023;2136;FGTS;FGTS;BANCO PAN;FGTS;FGTS;Margem Livre (Novo);FGTS;136,79;FF
16/06/2023;2136;FGTS;FGTS;BANCO PAN;FGTS;FGTS;Margem Livre (Novo);FGTS;351,19;FF
16/06/2023;2136;FGTS;FGTS;BANCO PAN;FGTS;FGTS;Margem Livre (Novo);FGTS;266,42;FF
16/06/2023;2136;FGTS;FGTS;BANCO PAN;FGTS;FGTS;Margem Livre (Novo);FGTS;225,81;FF
16/06/2023;2136;FGTS;FGTS;BANCO PAN;FGTS;FGTS;Margem Livre (Novo);FGTS;193,15;FF
16/06/2023;2136;FGTS;FGTS;BANCO PAN;FGTS;FGTS;Margem Livre (Novo);FGTS;150,91;FF
16/06/2023;2136;FGTS;FGTS;BANCO PAN;FGTS;FGTS;Margem Livre (Novo);FGTS;431,38;FF
16/06/2023;2136;FGTS;FGTS;BANCO PAN;FGTS;FGTS;Margem Livre (Novo);FGTS;119,26;FF
16/06/2023;2136;FGTS;FGTS;BANCO PAN;FGTS;FGTS;Margem Livre (Novo);FGTS;238,29;FF
16/06/2023;2136;FGTS;FGTS;BANCO PAN;FGTS;FGTS;Margem Livre (Novo);FGTS;240,35;FF
16/06/2023;2136;FGTS;FGTS;BANCO PAN;FGTS;FGTS;Margem Livre (Novo);FGTS;159,63;FF
16/06/2023;2184;NOVO;EMPRESTIMO CONSIGNADO;BANCO C6 BANK;FEDERAL;FEDERAL;Margem Livre (Novo);FEDERAL;10000;FF
16/06/2023;2234;FGTS;FGTS;BANCO C6 BANK;FGTS;FGTS;Margem Livre (Novo);FGTS;571,12;FF
16/06/2023;2234;FGTS;FGTS;BANCO PAN;FGTS;FGTS;Margem Livre (Novo);FGTS;509,16;FF
16/06/2023;2234;FGTS;FGTS;BANCO PAN;FGTS;FGTS;Margem Livre (Novo);FGTS;436,41;FF
16/06/2023;2234;FGTS;FGTS;BANCO PAN;FGTS;FGTS;Margem Livre (Novo);FGTS;1118,87;FF
16/06/2023;2234;FGTS;FGTS;BANCO PAN;FGTS;FGTS;Margem Livre (Novo);FGTS;846,33;FF
16/06/2023;2412;NOVO;EMPRESTIMO CONSIGNADO;BANCO DAYCOVAL;GOVERNOS - SP;GOVERNOS;Margem Livre (Novo);GOVERNO SP;9325,1;FF
16/06/2023;2412;NOVO;EMPRESTIMO CONSIGNADO;BANCO DAYCOVAL;PREFEITURAS - SP;PREFEITURAS;Margem Livre (Novo);PREF. DE SÃO PAULO - SP;2872,5;FF
16/06/2023;2436;FGTS;FGTS;BANCO C6 BANK;FGTS;FGTS;Margem Livre (Novo);FGTS;895,64;FF
16/06/2023;2436;NOVO;EMPRESTIMO CONSIGNADO;BANCO OLÉ CONSIGNADO;INSS;INSS;Margem Livre (Novo);INSS;18566,64;FF
16/06/2023;2436;CARTAO COM SAQUE;CARTAO CONSIGNADO;BANCO OLÉ CONSIGNADO;INSS;INSS;Cartão c/ saque;INSS;1293,6;FF
16/06/2023;2459;CARTAO BENEFICIO;CARTAO BENEFICIO;BANCO MASTER;NÃO PADRONIZADOS;NAO CATEGORIZADO;Cartão c/ saque;GOVERNO MT - CARTÃO BENEFÍCIO;13693,08;FF
16/06/2023;2459;CARTAO BENEFICIO;CARTAO BENEFICIO;BANCO MASTER;NÃO PADRONIZADOS;NAO CATEGORIZADO;Cartão c/ saque;GOVERNO MT - CARTÃO BENEFÍCIO;28252,57;FF
16/06/2023;2524;FGTS;FGTS;BANCO C6 BANK;FGTS;FGTS;Margem Livre (Novo);FGTS;238,22;FF
16/06/2023;2524;REFINANCIAMENTO;EMPRESTIMO CONSIGNADO;BANCO ITAÚ CONSIGNADO;INSS;INSS;Refinanciamento;INSS;11510,6;FF
16/06/2023;2524;REFINANCIAMENTO;EMPRESTIMO CONSIGNADO;BANCO ITAÚ CONSIGNADO;INSS;INSS;Refinanciamento;INSS;375,2;FF
16/06/2023;2524;FGTS;FGTS;BANCO MERCANTIL DO BRASIL;FGTS;FGTS;Margem Livre (Novo);FGTS;1171,69;FF
16/06/2023;2524;FGTS;FGTS;BANCO MERCANTIL DO BRASIL;FGTS;FGTS;Margem Livre (Novo);FGTS;154,21;FF
16/06/2023;2524;FGTS;FGTS;BANCO MERCANTIL DO BRASIL;FGTS;FGTS;Margem Livre (Novo);FGTS;121,34;FF
16/06/2023;2524;FGTS;FGTS;BANCO MERCANTIL DO BRASIL;FGTS;FGTS;Margem Livre (Novo);FGTS;283,97;FF
16/06/2023;2524;FGTS;FGTS;BANCO MERCANTIL DO BRASIL;FGTS;FGTS;Margem Livre (Novo);FGTS;133,04;FF
16/06/2023;2524;FGTS;FGTS;BANCO C6 BANK;FGTS;FGTS;Margem Livre (Novo);FGTS;363,32;FF
16/06/2023;2524;FGTS;FGTS;BANCO C6 BANK;FGTS;FGTS;Margem Livre (Novo);FGTS;239,37;FF
16/06/2023;2524;FGTS;FGTS;BANCO C6 BANK;FGTS;FGTS;Margem Livre (Novo);FGTS;373,79;FF
16/06/2023;2524;FGTS;FGTS;BANCO C6 BANK;FGTS;FGTS;Margem Livre (Novo);FGTS;295,25;FF
16/06/2023;2524;FGTS;FGTS;BANCO C6 BANK;FGTS;FGTS;Margem Livre (Novo);FGTS;258,09;FF
16/06/2023;2524;FGTS;FGTS;BANCO MERCANTIL DO BRASIL;FGTS;FGTS;Margem Livre (Novo);FGTS;243,61;FF
16/06/2023;2524;FGTS;FGTS;BANCO MERCANTIL DO BRASIL;FGTS;FGTS;Margem Livre (Novo);FGTS;257,11;FF
16/06/2023;2524;FGTS;FGTS;BANCO MERCANTIL DO BRASIL;FGTS;FGTS;Margem Livre (Novo);FGTS;122,57;FF
16/06/2023;2524;FGTS;FGTS;BANCO MERCANTIL DO BRASIL;FGTS;FGTS;Margem Livre (Novo);FGTS;257;FF
16/06/2023;2524;FGTS;FGTS;BANCO MERCANTIL DO BRASIL;FGTS;FGTS;Margem Livre (Novo);FGTS;307,67;FF
16/06/2023;2524;FGTS;FGTS;BANCO MERCANTIL DO BRASIL;FGTS;FGTS;Margem Livre (Novo);FGTS;100,83;FF
16/06/2023;2524;FGTS;FGTS;BANCO C6 BANK;FGTS;FGTS;Margem Livre (Novo);FGTS;3357,63;FF
16/06/2023;2524;FGTS;FGTS;BANCO MERCANTIL DO BRASIL;FGTS;FGTS;Margem Livre (Novo);FGTS;130,85;FF
16/06/2023;2524;FGTS;FGTS;BANCO MERCANTIL DO BRASIL;FGTS;FGTS;Margem Livre (Novo);FGTS;516,54;FF
16/06/2023;2524;FGTS;FGTS;BANCO MERCANTIL DO BRASIL;FGTS;FGTS;Margem Livre (Novo);FGTS;159,07;FF
16/06/2023;2524;FGTS;FGTS;BANCO MERCANTIL DO BRASIL;FGTS;FGTS;Margem Livre (Novo);FGTS;134,9;FF
16/06/2023;2524;FGTS;FGTS;BANCO MERCANTIL DO BRASIL;FGTS;FGTS;Margem Livre (Novo);FGTS;120,02;FF
16/06/2023;2524;FGTS;FGTS;BANCO MERCANTIL DO BRASIL;FGTS;FGTS;Margem Livre (Novo);FGTS;355;FF
16/06/2023;2524;FGTS;FGTS;BANCO MERCANTIL DO BRASIL;FGTS;FGTS;Margem Livre (Novo);FGTS;629,03;FF
16/06/2023;2524;FGTS;FGTS;BANCO MERCANTIL DO BRASIL;FGTS;FGTS;Margem Livre (Novo);FGTS;5115,92;FF
16/06/2023;2524;FGTS;FGTS;BANCO MERCANTIL DO BRASIL;FGTS;FGTS;Margem Livre (Novo);FGTS;221,09;FF
16/06/2023;2524;FGTS;FGTS;BANCO MERCANTIL DO BRASIL;FGTS;FGTS;Margem Livre (Novo);FGTS;555,91;FF
16/06/2023;2524;FGTS;FGTS;BANCO C6 BANK;FGTS;FGTS;Margem Livre (Novo);FGTS;924,36;FF
16/06/2023;2524;FGTS;FGTS;BANCO C6 BANK;FGTS;FGTS;Margem Livre (Novo);FGTS;500;FF
16/06/2023;2524;FGTS;FGTS;BANCO C6 BANK;FGTS;FGTS;Margem Livre (Novo);FGTS;280;FF
16/06/2023;2524;FGTS;FGTS;BANCO C6 BANK;FGTS;FGTS;Margem Livre (Novo);FGTS;275;FF
16/06/2023;2524;REFINANCIAMENTO;EMPRESTIMO CONSIGNADO;BANCO PAN;INSS;INSS;Refinanciamento;INSS;1096,81;FF
16/06/2023;2538;FGTS;FGTS;BANCO MERCANTIL DO BRASIL;FGTS;FGTS;Margem Livre (Novo);FGTS;135,77;FF
16/06/2023;2538;FGTS;FGTS;BANCO MERCANTIL DO BRASIL;FGTS;FGTS;Margem Livre (Novo);FGTS;160,95;FF
16/06/2023;2538;FGTS;FGTS;BANCO C6 BANK;FGTS;FGTS;Margem Livre (Novo);FGTS;220,78;FF
16/06/2023;2784;FGTS;FGTS;BANCO C6 BANK;FGTS;FGTS;Margem Livre (Novo);FGTS;304,26;FF
16/06/2023;2784;FGTS;FGTS;BANCO C6 BANK;FGTS;FGTS;Margem Livre (Novo);FGTS;500;FF
16/06/2023;2784;FGTS;FGTS;BANCO C6 BANK;FGTS;FGTS;Margem Livre (Novo);FGTS;290,69;FF
16/06/2023;2784;FGTS;FGTS;BANCO C6 BANK;FGTS;FGTS;Margem Livre (Novo);FGTS;403,29;FF
16/06/2023;2818;NOVO;EMPRESTIMO CONSIGNADO;BANCO PAN;GOVERNOS - PR;GOVERNOS;Margem Livre (Novo);GOVERNO PR;6000;FF
16/06/2023;2849;FGTS;FGTS;BANCO MASTER;FGTS;FGTS;Margem Livre (Novo);FGTS;569,52;FF
16/06/2023;2849;FGTS;FGTS;BANCO MERCANTIL DO BRASIL;FGTS;FGTS;Margem Livre (Novo);FGTS;130,75;FF
16/06/2023;2863;FGTS;FGTS;BANCO PAN;FGTS;FGTS;Margem Livre (Novo);FGTS;3371,79;FF
16/06/2023;2864;FGTS;FGTS;BANCO PAN;FGTS;FGTS;Margem Livre (Novo);FGTS;210,07;FF
16/06/2023;3059;FGTS;FGTS;BANCO PAN;FGTS;FGTS;Margem Livre (Novo);FGTS;353,48;FF
16/06/2023;3059;FGTS;FGTS;BANCO PAN;FGTS;FGTS;Margem Livre (Novo);FGTS;843,83;FF
16/06/2023;3059;FGTS;FGTS;BANCO PAN;FGTS;FGTS;Margem Livre (Novo);FGTS;656,03;FF
16/06/2023;3086;FGTS;FGTS;BANCO PAN;FGTS;FGTS;Margem Livre (Novo);FGTS;74,01;FF
16/06/2023;3086;FGTS;FGTS;BANCO PAN;FGTS;FGTS;Margem Livre (Novo);FGTS;223,76;FF
16/06/2023;3086;FGTS;FGTS;BANCO PAN;FGTS;FGTS;Margem Livre (Novo);FGTS;265,41;FF
16/06/2023;3086;FGTS;FGTS;BANCO PAN;FGTS;FGTS;Margem Livre (Novo);FGTS;173,47;FF
16/06/2023;3086;FGTS;FGTS;BANCO PAN;FGTS;FGTS;Margem Livre (Novo);FGTS;254,5;FF
16/06/2023;3098;NOVO;EMPRESTIMO CONSIGNADO;BANCO C6 BANK;INSS;INSS;Margem Livre (Novo);INSS;6709,75;FF
16/06/2023;3256;FGTS;FGTS;FACTA FINANCEIRA;FGTS;FGTS;Margem Livre (Novo);FGTS;586,22;FF
16/06/2023;3256;FGTS;FGTS;FACTA FINANCEIRA;FGTS;FGTS;Margem Livre (Novo);FGTS;416,81;FF
16/06/2023;3256;FGTS;FGTS;FACTA FINANCEIRA;FGTS;FGTS;Margem Livre (Novo);FGTS;282,47;FF
16/06/2023;3360;REFINANCIAMENTO;EMPRESTIMO CONSIGNADO;BANCO OLÉ CONSIGNADO;INSS;INSS;Refinanciamento;INSS;307,58;FF
16/06/2023;3360;REFINANCIAMENTO;EMPRESTIMO CONSIGNADO;BANCO OLÉ CONSIGNADO;INSS;INSS;Refinanciamento;INSS;431;FF
16/06/2023;3390;FGTS;FGTS;BANCO MERCANTIL DO BRASIL;FGTS;FGTS;Margem Livre (Novo);FGTS;676,76;FF
16/06/2023;3390;FGTS;FGTS;BANCO MERCANTIL DO BRASIL;FGTS;FGTS;Margem Livre (Novo);FGTS;182,35;FF
16/06/2023;3390;FGTS;FGTS;BANCO MERCANTIL DO BRASIL;FGTS;FGTS;Margem Livre (Novo);FGTS;106,5;FF
16/06/2023;3390;FGTS;FGTS;BANCO MERCANTIL DO BRASIL;FGTS;FGTS;Margem Livre (Novo);FGTS;182,84;FF
16/06/2023;3390;FGTS;FGTS;BANCO C6 BANK;FGTS;FGTS;Margem Livre (Novo);FGTS;322,36;FF
16/06/2023;3390;FGTS;FGTS;BANCO MERCANTIL DO BRASIL;FGTS;FGTS;Margem Livre (Novo);FGTS;5000,47;FF
16/06/2023;3390;FGTS;FGTS;BANCO MERCANTIL DO BRASIL;FGTS;FGTS;Margem Livre (Novo);FGTS;160,47;FF
16/06/2023;3390;FGTS;FGTS;BANCO MERCANTIL DO BRASIL;FGTS;FGTS;Margem Livre (Novo);FGTS;317,61;FF
16/06/2023;3390;FGTS;FGTS;BANCO MERCANTIL DO BRASIL;FGTS;FGTS;Margem Livre (Novo);FGTS;102,91;FF
16/06/2023;3390;FGTS;FGTS;BANCO MERCANTIL DO BRASIL;FGTS;FGTS;Margem Livre (Novo);FGTS;302,8;FF
16/06/2023;3390;FGTS;FGTS;BANCO MERCANTIL DO BRASIL;FGTS;FGTS;Margem Livre (Novo);FGTS;1345,09;FF
16/06/2023;3390;FGTS;FGTS;BANCO MERCANTIL DO BRASIL;FGTS;FGTS;Margem Livre (Novo);FGTS;137,22;FF
16/06/2023;3390;FGTS;FGTS;BANCO MERCANTIL DO BRASIL;FGTS;FGTS;Margem Livre (Novo);FGTS;108,88;FF
16/06/2023;3390;FGTS;FGTS;BANCO MERCANTIL DO BRASIL;FGTS;FGTS;Margem Livre (Novo);FGTS;132,34;FF
16/06/2023;3390;FGTS;FGTS;BANCO MERCANTIL DO BRASIL;FGTS;FGTS;Margem Livre (Novo);FGTS;155,29;FF
16/06/2023;3390;FGTS;FGTS;BANCO MERCANTIL DO BRASIL;FGTS;FGTS;Margem Livre (Novo);FGTS;164,2;FF
16/06/2023;3390;FGTS;FGTS;BANCO MERCANTIL DO BRASIL;FGTS;FGTS;Margem Livre (Novo);FGTS;377,13;FF
16/06/2023;3390;FGTS;FGTS;BANCO MERCANTIL DO BRASIL;FGTS;FGTS;Margem Livre (Novo);FGTS;256,67;FF
16/06/2023;3390;FGTS;FGTS;BANCO C6 BANK;FGTS;FGTS;Margem Livre (Novo);FGTS;498,03;FF
16/06/2023;3390;FGTS;FGTS;BANCO MERCANTIL DO BRASIL;FGTS;FGTS;Margem Livre (Novo);FGTS;185,53;FF
16/06/2023;3390;FGTS;FGTS;BANCO MERCANTIL DO BRASIL;FGTS;FGTS;Margem Livre (Novo);FGTS;170,46;FF
16/06/2023;3390;FGTS;FGTS;BANCO C6 BANK;FGTS;FGTS;Margem Livre (Novo);FGTS;288,49;FF
16/06/2023;3390;FGTS;FGTS;BANCO MERCANTIL DO BRASIL;FGTS;FGTS;Margem Livre (Novo);FGTS;155,01;FF
16/06/2023;3390;FGTS;FGTS;BANCO MERCANTIL DO BRASIL;FGTS;FGTS;Margem Livre (Novo);FGTS;216,05;FF
16/06/2023;3390;FGTS;FGTS;BANCO MERCANTIL DO BRASIL;FGTS;FGTS;Margem Livre (Novo);FGTS;176,04;FF
16/06/2023;3390;FGTS;FGTS;BANCO MERCANTIL DO BRASIL;FGTS;FGTS;Margem Livre (Novo);FGTS;122,92;FF
16/06/2023;3390;FGTS;FGTS;BANCO MERCANTIL DO BRASIL;FGTS;FGTS;Margem Livre (Novo);FGTS;133,36;FF
16/06/2023;3390;FGTS;FGTS;BANCO MERCANTIL DO BRASIL;FGTS;FGTS;Margem Livre (Novo);FGTS;127,47;FF
16/06/2023;3390;FGTS;FGTS;BANCO MERCANTIL DO BRASIL;FGTS;FGTS;Margem Livre (Novo);FGTS;106,41;FF
16/06/2023;3390;FGTS;FGTS;BANCO MERCANTIL DO BRASIL;FGTS;FGTS;Margem Livre (Novo);FGTS;125,08;FF
16/06/2023;3390;FGTS;FGTS;BANCO MERCANTIL DO BRASIL;FGTS;FGTS;Margem Livre (Novo);FGTS;290,85;FF
16/06/2023;3390;FGTS;FGTS;BANCO MERCANTIL DO BRASIL;FGTS;FGTS;Margem Livre (Novo);FGTS;155,66;FF
16/06/2023;3390;FGTS;FGTS;BANCO MERCANTIL DO BRASIL;FGTS;FGTS;Margem Livre (Novo);FGTS;198,14;FF
16/06/2023;3390;FGTS;FGTS;BANCO MERCANTIL DO BRASIL;FGTS;FGTS;Margem Livre (Novo);FGTS;105,51;FF
16/06/2023;3390;FGTS;FGTS;BANCO MERCANTIL DO BRASIL;FGTS;FGTS;Margem Livre (Novo);FGTS;203,86;FF
16/06/2023;3390;FGTS;FGTS;BANCO MERCANTIL DO BRASIL;FGTS;FGTS;Margem Livre (Novo);FGTS;166,69;FF
16/06/2023;3390;FGTS;FGTS;BANCO MERCANTIL DO BRASIL;FGTS;FGTS;Margem Livre (Novo);FGTS;107,97;FF
16/06/2023;3390;FGTS;FGTS;BANCO MERCANTIL DO BRASIL;FGTS;FGTS;Margem Livre (Novo);FGTS;149,09;FF
16/06/2023;3390;FGTS;FGTS;BANCO MERCANTIL DO BRASIL;FGTS;FGTS;Margem Livre (Novo);FGTS;180,19;FF
16/06/2023;3390;FGTS;FGTS;BANCO MERCANTIL DO BRASIL;FGTS;FGTS;Margem Livre (Novo);FGTS;173,2;FF
16/06/2023;3390;FGTS;FGTS;BANCO MERCANTIL DO BRASIL;FGTS;FGTS;Margem Livre (Novo);FGTS;437,23;FF
16/06/2023;3390;FGTS;FGTS;BANCO MERCANTIL DO BRASIL;FGTS;FGTS;Margem Livre (Novo);FGTS;643,05;FF
16/06/2023;3390;FGTS;FGTS;BANCO MERCANTIL DO BRASIL;FGTS;FGTS;Margem Livre (Novo);FGTS;162,91;FF
16/06/2023;3390;FGTS;FGTS;BANCO MERCANTIL DO BRASIL;FGTS;FGTS;Margem Livre (Novo);FGTS;187,32;FF
16/06/2023;3390;FGTS;FGTS;BANCO MERCANTIL DO BRASIL;FGTS;FGTS;Margem Livre (Novo);FGTS;115,37;FF
16/06/2023;3390;FGTS;FGTS;BANCO MERCANTIL DO BRASIL;FGTS;FGTS;Margem Livre (Novo);FGTS;207,73;FF
16/06/2023;3390;FGTS;FGTS;BANCO MERCANTIL DO BRASIL;FGTS;FGTS;Margem Livre (Novo);FGTS;199,7;FF
16/06/2023;3390;FGTS;FGTS;BANCO MERCANTIL DO BRASIL;FGTS;FGTS;Margem Livre (Novo);FGTS;186,98;FF
16/06/2023;3390;FGTS;FGTS;BANCO MERCANTIL DO BRASIL;FGTS;FGTS;Margem Livre (Novo);FGTS;220,28;FF
16/06/2023;3390;FGTS;FGTS;BANCO MERCANTIL DO BRASIL;FGTS;FGTS;Margem Livre (Novo);FGTS;1404,44;FF
16/06/2023;3390;FGTS;FGTS;BANCO MERCANTIL DO BRASIL;FGTS;FGTS;Margem Livre (Novo);FGTS;188,12;FF
16/06/2023;3390;FGTS;FGTS;BANCO MERCANTIL DO BRASIL;FGTS;FGTS;Margem Livre (Novo);FGTS;786,69;FF
16/06/2023;3390;FGTS;FGTS;BANCO MERCANTIL DO BRASIL;FGTS;FGTS;Margem Livre (Novo);FGTS;143,35;FF
16/06/2023;3390;FGTS;FGTS;BANCO MERCANTIL DO BRASIL;FGTS;FGTS;Margem Livre (Novo);FGTS;163,6;FF
16/06/2023;3390;FGTS;FGTS;BANCO MERCANTIL DO BRASIL;FGTS;FGTS;Margem Livre (Novo);FGTS;182,62;FF
16/06/2023;3390;FGTS;FGTS;BANCO MERCANTIL DO BRASIL;FGTS;FGTS;Margem Livre (Novo);FGTS;138,04;FF
16/06/2023;3390;FGTS;FGTS;BANCO MERCANTIL DO BRASIL;FGTS;FGTS;Margem Livre (Novo);FGTS;117,43;FF
16/06/2023;3390;FGTS;FGTS;BANCO MERCANTIL DO BRASIL;FGTS;FGTS;Margem Livre (Novo);FGTS;377,2;FF
16/06/2023;3390;FGTS;FGTS;BANCO MERCANTIL DO BRASIL;FGTS;FGTS;Margem Livre (Novo);FGTS;776,47;FF
16/06/2023;3390;FGTS;FGTS;BANCO MERCANTIL DO BRASIL;FGTS;FGTS;Margem Livre (Novo);FGTS;229,96;FF
16/06/2023;3390;FGTS;FGTS;BANCO PAN;FGTS;FGTS;Margem Livre (Novo);FGTS;255,71;FF
16/06/2023;3390;FGTS;FGTS;BANCO C6 BANK;FGTS;FGTS;Margem Livre (Novo);FGTS;279,44;FF
16/06/2023;3390;FGTS;FGTS;BANCO PAN;FGTS;FGTS;Margem Livre (Novo);FGTS;163,95;FF
16/06/2023;3390;FGTS;FGTS;BANCO C6 BANK;FGTS;FGTS;Margem Livre (Novo);FGTS;324,38;FF
16/06/2023;3390;FGTS;FGTS;BANCO C6 BANK;FGTS;FGTS;Margem Livre (Novo);FGTS;246,52;FF
16/06/2023;3390;FGTS;FGTS;BANCO C6 BANK;FGTS;FGTS;Margem Livre (Novo);FGTS;586,65;FF
16/06/2023;3390;FGTS;FGTS;BANCO PAN;FGTS;FGTS;Margem Livre (Novo);FGTS;814,2;FF
16/06/2023;3390;FGTS;FGTS;BANCO PAN;FGTS;FGTS;Margem Livre (Novo);FGTS;288,84;FF
16/06/2023;3390;FGTS;FGTS;BANCO PAN;FGTS;FGTS;Margem Livre (Novo);FGTS;117,79;FF
16/06/2023;3406;FGTS;FGTS;BANCO PAN;FGTS;FGTS;Margem Livre (Novo);FGTS;914,89;FF
16/06/2023;3406;FGTS;FGTS;BANCO PAN;FGTS;FGTS;Margem Livre (Novo);FGTS;616,48;FF
16/06/2023;3406;FGTS;FGTS;BANCO PAN;FGTS;FGTS;Margem Livre (Novo);FGTS;195,39;FF
16/06/2023;3406;FGTS;FGTS;BANCO PAN;FGTS;FGTS;Margem Livre (Novo);FGTS;732,75;FF
16/06/2023;3436;FGTS;FGTS;BANCO PAN;FGTS;FGTS;Margem Livre (Novo);FGTS;180,22;FF
16/06/2023;3438;FGTS;FGTS;BANCO MERCANTIL DO BRASIL;FGTS;FGTS;Margem Livre (Novo);FGTS;191,67;FF
16/06/2023;3438;FGTS;FGTS;BANCO MERCANTIL DO BRASIL;FGTS;FGTS;Margem Livre (Novo);FGTS;177,42;FF
16/06/2023;3438;FGTS;FGTS;BANCO MERCANTIL DO BRASIL;FGTS;FGTS;Margem Livre (Novo);FGTS;203,59;FF
16/06/2023;3438;FGTS;FGTS;BANCO MERCANTIL DO BRASIL;FGTS;FGTS;Margem Livre (Novo);FGTS;210,85;FF
16/06/2023;3438;FGTS;FGTS;BANCO MERCANTIL DO BRASIL;FGTS;FGTS;Margem Livre (Novo);FGTS;146,77;FF
16/06/2023;3489;NOVO;EMPRESTIMO CONSIGNADO;BANCO C6 BANK;INSS;INSS;Margem Livre (Novo);INSS;12372,91;FF
16/06/2023;3521;REFINANCIAMENTO DA PORTABILIDADE;EMPRESTIMO CONSIGNADO;BANCO C6 BANK;INSS;INSS;Refinanciamento da Portabilidade;INSS;324,76;FF
16/06/2023;3521;PORTABILIDADE;EMPRESTIMO CONSIGNADO;BANCO OLÉ CONSIGNADO;INSS;INSS;Portabilidade;INSS;1723,68;FF
16/06/2023;3521;REFINANCIAMENTO DA PORTABILIDADE;EMPRESTIMO CONSIGNADO;BANCO OLÉ CONSIGNADO;INSS;INSS;Refinanciamento da Portabilidade;INSS;56,77;FF
16/06/2023;3521;REFINANCIAMENTO DA PORTABILIDADE;EMPRESTIMO CONSIGNADO;BANCO OLÉ CONSIGNADO;INSS;INSS;Refinanciamento da Portabilidade;INSS;1388,49;FF
16/06/2023;3521;NOVO;EMPRESTIMO CONSIGNADO;BANCO C6 BANK;INSS;INSS;Margem Livre (Novo);INSS;1107,3;FF
16/06/2023;3521;FGTS;FGTS;BANCO C6 BANK;FGTS;FGTS;Margem Livre (Novo);FGTS;200;FF
16/06/2023;3521;NOVO;EMPRESTIMO CONSIGNADO;BANCO OLÉ CONSIGNADO;INSS;INSS;Margem Livre (Novo);INSS;17861,25;FF
16/06/2023;3521;FGTS;FGTS;BANCO C6 BANK;FGTS;FGTS;Margem Livre (Novo);FGTS;519,78;FF
16/06/2023;3521;FGTS;FGTS;BANCO C6 BANK;FGTS;FGTS;Margem Livre (Novo);FGTS;263,43;FF
16/06/2023;3521;FGTS;FGTS;BANCO C6 BANK;FGTS;FGTS;Margem Livre (Novo);FGTS;258,72;FF
16/06/2023;3521;FGTS;FGTS;BANCO C6 BANK;FGTS;FGTS;Margem Livre (Novo);FGTS;272,34;FF
16/06/2023;3521;FGTS;FGTS;BANCO C6 BANK;FGTS;FGTS;Margem Livre (Novo);FGTS;275,94;FF
16/06/2023;3521;FGTS;FGTS;BANCO C6 BANK;FGTS;FGTS;Margem Livre (Novo);FGTS;286,34;FF
16/06/2023;3521;FGTS;FGTS;BANCO C6 BANK;FGTS;FGTS;Margem Livre (Novo);FGTS;340,08;FF
16/06/2023;3521;FGTS;FGTS;BANCO C6 BANK;FGTS;FGTS;Margem Livre (Novo);FGTS;419,45;FF
16/06/2023;3521;FGTS;FGTS;BANCO C6 BANK;FGTS;FGTS;Margem Livre (Novo);FGTS;697,25;FF
16/06/2023;3521;FGTS;FGTS;BANCO C6 BANK;FGTS;FGTS;Margem Livre (Novo);FGTS;222,6;FF
16/06/2023;3521;FGTS;FGTS;BANCO C6 BANK;FGTS;FGTS;Margem Livre (Novo);FGTS;524,34;FF
16/06/2023;3521;REFINANCIAMENTO;EMPRESTIMO CONSIGNADO;BANCO OLÉ CONSIGNADO;INSS;INSS;Refinanciamento;INSS;1588,39;FF
16/06/2023;3521;NOVO;EMPRESTIMO CONSIGNADO;BANCO OLÉ CONSIGNADO;GOVERNOS - BA;GOVERNOS;Margem Livre (Novo);GOVERNO BA;1334,28;FF
16/06/2023;3521;NOVO;EMPRESTIMO CONSIGNADO;BANCO OLÉ CONSIGNADO;INSS;INSS;Margem Livre (Novo);INSS;1728,43;FF
16/06/2023;3521;CARTAO COM SAQUE;CARTAO CONSIGNADO;BANCO DAYCOVAL;INSS;INSS;Cartão c/ saque;INSS;2370;FF
16/06/2023;3521;CARTAO COM SAQUE;CARTAO CONSIGNADO;BANCO DAYCOVAL;INSS;INSS;Cartão c/ saque;INSS;1800;FF
16/06/2023;3521;CARTAO COM SAQUE;CARTAO CONSIGNADO;BANCO DAYCOVAL;INSS;INSS;Cartão c/ saque;INSS - CARTÃO BENEFÍCIO;1740;FF
16/06/2023;3521;CARTAO COM SAQUE;CARTAO CONSIGNADO;BANCO DAYCOVAL;INSS;INSS;Cartão c/ saque;INSS - CARTÃO BENEFÍCIO;1250;FF
16/06/2023;3521;CARTAO COM SAQUE;CARTAO CONSIGNADO;BANCO DAYCOVAL;INSS;INSS;Cartão c/ saque;INSS - CARTÃO BENEFÍCIO;1290;FF
16/06/2023;3521;CARTAO COM SAQUE;CARTAO CONSIGNADO;BANCO DAYCOVAL;INSS;INSS;Cartão c/ saque;INSS;1530;FF
16/06/2023;3521;CARTAO COM SAQUE;CARTAO CONSIGNADO;BANCO DAYCOVAL;INSS;INSS;Cartão c/ saque;INSS - CARTÃO BENEFÍCIO;1530;FF
16/06/2023;3521;CARTAO COM SAQUE;CARTAO CONSIGNADO;BANCO DAYCOVAL;INSS;INSS;Cartão c/ saque;INSS - CARTÃO BENEFÍCIO;1250;FF
16/06/2023;3521;CARTAO COM SAQUE;CARTAO CONSIGNADO;BANCO DAYCOVAL;INSS;INSS;Cartão c/ saque;INSS - CARTÃO BENEFÍCIO;1910;FF
16/06/2023;3521;CARTAO COM SAQUE;CARTAO CONSIGNADO;BANCO DAYCOVAL;INSS;INSS;Cartão c/ saque;INSS - CARTÃO BENEFÍCIO;2380;FF
16/06/2023;3521;CARTAO COM SAQUE;CARTAO CONSIGNADO;BANCO DAYCOVAL;INSS;INSS;Cartão c/ saque;INSS;1250;FF
16/06/2023;3521;CARTAO COM SAQUE;CARTAO CONSIGNADO;BANCO DAYCOVAL;INSS;INSS;Cartão c/ saque;INSS;1250;FF
16/06/2023;3521;CARTAO COM SAQUE;CARTAO CONSIGNADO;BANCO DAYCOVAL;INSS;INSS;Cartão c/ saque;INSS - CARTÃO BENEFÍCIO;1250;FF
16/06/2023;3521;CARTAO COM SAQUE;CARTAO CONSIGNADO;BANCO DAYCOVAL;INSS;INSS;Cartão c/ saque;INSS - CARTÃO BENEFÍCIO;1250;FF
16/06/2023;3521;CARTAO COM SAQUE;CARTAO CONSIGNADO;BANCO DAYCOVAL;INSS;INSS;Cartão c/ saque;INSS;1250;FF
16/06/2023;3521;CARTAO COM SAQUE;CARTAO CONSIGNADO;BANCO DAYCOVAL;INSS;INSS;Cartão c/ saque;INSS - CARTÃO BENEFÍCIO;1250;FF
16/06/2023;3521;CARTAO COM SAQUE;CARTAO CONSIGNADO;BANCO DAYCOVAL;INSS;INSS;Cartão c/ saque;INSS;620;FF
16/06/2023;3521;CARTAO COM SAQUE;CARTAO CONSIGNADO;BANCO DAYCOVAL;INSS;INSS;Cartão c/ saque;INSS;1850;FF
16/06/2023;3521;CARTAO COM SAQUE;CARTAO CONSIGNADO;BANCO DAYCOVAL;INSS;INSS;Cartão c/ saque;INSS;1250;FF
16/06/2023;3521;SAQUE COMPLEMENTAR;CARTAO CONSIGNADO;BANCO DAYCOVAL;INSS;INSS;Cartão c/ saque complementar à vista;INSS;147;FF
16/06/2023;3521;CARTAO COM SAQUE;CARTAO CONSIGNADO;BANCO DAYCOVAL;FEDERAL;FEDERAL;Cartão c/ saque;FEDERAL;4650;FF
16/06/2023;3521;CARTAO COM SAQUE;CARTAO CONSIGNADO;BANCO OLÉ CONSIGNADO;INSS;INSS;Cartão c/ saque;INSS;661,86;FF
16/06/2023;3643;FGTS;FGTS;BANCO PAN;FGTS;FGTS;Margem Livre (Novo);FGTS;393,52;FF
16/06/2023;3934;PORTABILIDADE;EMPRESTIMO CONSIGNADO;FACTA FINANCEIRA;INSS;INSS;Portabilidade;INSS;1583,2;FF
16/06/2023;3934;PORTABILIDADE;EMPRESTIMO CONSIGNADO;FACTA FINANCEIRA;INSS;INSS;Portabilidade;INSS;1371,06;FF
16/06/2023;3934;PORTABILIDADE;EMPRESTIMO CONSIGNADO;FACTA FINANCEIRA;INSS;INSS;Portabilidade;INSS;10738,31;FF
16/06/2023;3934;PORTABILIDADE;EMPRESTIMO CONSIGNADO;FACTA FINANCEIRA;INSS;INSS;Portabilidade;INSS;2603,62;FF
16/06/2023;3934;PORTABILIDADE;EMPRESTIMO CONSIGNADO;FACTA FINANCEIRA;INSS;INSS;Portabilidade;INSS;9784,42;FF
16/06/2023;3934;REFINANCIAMENTO;EMPRESTIMO CONSIGNADO;FACTA FINANCEIRA;INSS;INSS;Refinanciamento;INSS;650,57;FF
16/06/2023;3934;REFINANCIAMENTO;EMPRESTIMO CONSIGNADO;FACTA FINANCEIRA;INSS;INSS;Refinanciamento;INSS;3150,49;FF
16/06/2023;3934;FGTS;FGTS;BANCO PAN;FGTS;FGTS;Margem Livre (Novo);FGTS;500;FF
16/06/2023;3934;FGTS;FGTS;BANCO PAN;FGTS;FGTS;Margem Livre (Novo);FGTS;500;FF
16/06/2023;3934;FGTS;FGTS;BANCO PAN;FGTS;FGTS;Margem Livre (Novo);FGTS;860;FF
16/06/2023;3939;NOVO;EMPRESTIMO CONSIGNADO;BANCO OLÉ CONSIGNADO;INSS;INSS;Margem Livre (Novo);INSS;3840,3;FF
16/06/2023;3939;FGTS;FGTS;BANCO MERCANTIL DO BRASIL;FGTS;FGTS;Margem Livre (Novo);FGTS;2081,4;FF
16/06/2023;3939;NOVO;EMPRESTIMO CONSIGNADO;BANCO OLÉ CONSIGNADO;INSS;INSS;Margem Livre (Novo);INSS;1461,37;FF
16/06/2023;3939;NOVO;EMPRESTIMO CONSIGNADO;BANCO OLÉ CONSIGNADO;INSS;INSS;Margem Livre (Novo);INSS;1667,44;FF
16/06/2023;3939;FGTS;FGTS;BANCO C6 BANK;FGTS;FGTS;Margem Livre (Novo);FGTS;789,06;FF
16/06/2023;3939;FGTS;FGTS;BANCO MERCANTIL DO BRASIL;FGTS;FGTS;Margem Livre (Novo);FGTS;744,6;FF
16/06/2023;3939;FGTS;FGTS;BANCO MERCANTIL DO BRASIL;FGTS;FGTS;Margem Livre (Novo);FGTS;1077,1;FF
16/06/2023;3939;FGTS;FGTS;BANCO MERCANTIL DO BRASIL;FGTS;FGTS;Margem Livre (Novo);FGTS;218,61;FF
16/06/2023;3939;FGTS;FGTS;BANCO C6 BANK;FGTS;FGTS;Margem Livre (Novo);FGTS;900;FF
16/06/2023;3939;NOVO;EMPRESTIMO CONSIGNADO;BANCO PAN;INSS;INSS;Margem Livre (Novo);INSS;5003,33;FF
16/06/2023;3939;NOVO;EMPRESTIMO CONSIGNADO;BANCO OLÉ CONSIGNADO;INSS;INSS;Margem Livre (Novo);INSS;5003,08;FF
16/06/2023;3939;FGTS;FGTS;BANCO PAN;FGTS;FGTS;Margem Livre (Novo);FGTS;174,35;FF
16/06/2023;3959;NOVO;EMPRESTIMO CONSIGNADO;FACTA FINANCEIRA;INSS;INSS;Margem Livre (Novo);INSS;898,43;FF
16/06/2023;3959;NOVO;EMPRESTIMO CONSIGNADO;FACTA FINANCEIRA;FACTA;FACTA;Margem Livre (Novo);FACTA FÁCIL;1000,01;FF
16/06/2023;3959;NOVO;EMPRESTIMO CONSIGNADO;BANCO C6 BANK;INSS;INSS;Margem Livre (Novo);INSS;21896,19;FF
16/06/2023;4037;FGTS;FGTS;BANCO MERCANTIL DO BRASIL;FGTS;FGTS;Margem Livre (Novo);FGTS;644,02;FF
16/06/2023;4133;REFINANCIAMENTO DA PORTABILIDADE;EMPRESTIMO CONSIGNADO;BANCO C6 BANK;INSS;INSS;Refinanciamento da Portabilidade;INSS;944,15;FF
16/06/2023;4133;FGTS;FGTS;BANCO PAN;FGTS;FGTS;Margem Livre (Novo);FGTS;177,26;FF
16/06/2023;4133;FGTS;FGTS;BANCO PAN;FGTS;FGTS;Margem Livre (Novo);FGTS;151,46;FF
16/06/2023;4133;FGTS;FGTS;BANCO PAN;FGTS;FGTS;Margem Livre (Novo);FGTS;256,9;FF
16/06/2023;4133;FGTS;FGTS;BANCO PAN;FGTS;FGTS;Margem Livre (Novo);FGTS;113,3;FF
16/06/2023;4133;FGTS;FGTS;BANCO PAN;FGTS;FGTS;Margem Livre (Novo);FGTS;295,12;FF
16/06/2023;4133;FGTS;FGTS;BANCO PAN;FGTS;FGTS;Margem Livre (Novo);FGTS;201,81;FF
16/06/2023;4133;FGTS;FGTS;BANCO PAN;FGTS;FGTS;Margem Livre (Novo);FGTS;560,54;FF
16/06/2023;4133;FGTS;FGTS;BANCO PAN;FGTS;FGTS;Margem Livre (Novo);FGTS;558,06;FF
16/06/2023;4133;FGTS;FGTS;BANCO PAN;FGTS;FGTS;Margem Livre (Novo);FGTS;79,47;FF
16/06/2023;4133;FGTS;FGTS;BANCO PAN;FGTS;FGTS;Margem Livre (Novo);FGTS;219,27;FF
16/06/2023;4133;FGTS;FGTS;BANCO PAN;FGTS;FGTS;Margem Livre (Novo);FGTS;198,34;FF
16/06/2023;4133;FGTS;FGTS;BANCO PAN;FGTS;FGTS;Margem Livre (Novo);FGTS;635,24;FF
16/06/2023;4133;FGTS;FGTS;BANCO PAN;FGTS;FGTS;Margem Livre (Novo);FGTS;209,4;FF
16/06/2023;4133;CARTAO COM SAQUE;CARTAO CONSIGNADO;BANCO PAN;INSS;INSS;Cartão c/ saque;INSS - CARTÃO BENEFÍCIO;1687;FF
16/06/2023;4133;CARTAO BENEFICIO;CARTAO BENEFICIO;BANCO MASTER;PREFEITURAS - GO;PREFEITURAS;Cartão c/ saque;PREF. DE GOIÂNIA - GO - Cartão Benefício;776,66;FF
16/06/2023;4133;CARTAO BENEFICIO;CARTAO BENEFICIO;BANCO MASTER;INSS;INSS;Cartão c/ saque;INSS - CARTÃO BENEFÍCIO;1329,63;FF
16/06/2023;4381;REFINANCIAMENTO;EMPRESTIMO CONSIGNADO;BANCO C6 BANK;INSS;INSS;Refinanciamento;INSS;546,89;FF
16/06/2023;4381;REFINANCIAMENTO;EMPRESTIMO CONSIGNADO;BANCO OLÉ CONSIGNADO;INSS;INSS;Refinanciamento;INSS;434,15;FF
16/06/2023;4381;NOVO;EMPRESTIMO CONSIGNADO;BANCO OLÉ CONSIGNADO;INSS;INSS;Margem Livre (Novo);INSS;1120,78;FF
16/06/2023;4630;NOVO;EMPRESTIMO CONSIGNADO;BANCO OLÉ CONSIGNADO;GOVERNOS - GO;GOVERNOS;Margem Livre (Novo);GOVERNO GO;6000,17;FF
16/06/2023;4630;NOVO;EMPRESTIMO CONSIGNADO;BANCO OLÉ CONSIGNADO;GOVERNOS - GO;GOVERNOS;Margem Livre (Novo);GOVERNO GO;4627,54;FF
16/06/2023;4656;FGTS;FGTS;BANCO PAN;FGTS;FGTS;Margem Livre (Novo);FGTS;880,31;FF
16/06/2023;4656;NOVO;EMPRESTIMO CONSIGNADO;BANCO DAYCOVAL;MARINHA;FORCAS ARMADAS;Margem Livre (Novo);MARINHA;18653,93;FF
16/06/2023;4660;FGTS;FGTS;BANCO C6 BANK;FGTS;FGTS;Margem Livre (Novo);FGTS;230;FF
16/06/2023;4660;FGTS;FGTS;BANCO C6 BANK;FGTS;FGTS;Margem Livre (Novo);FGTS;270;FF
16/06/2023;4660;FGTS;FGTS;BANCO C6 BANK;FGTS;FGTS;Margem Livre (Novo);FGTS;300;FF
16/06/2023;4660;FGTS;FGTS;BANCO C6 BANK;FGTS;FGTS;Margem Livre (Novo);FGTS;591,85;FF
16/06/2023;4660;FGTS;FGTS;BANCO C6 BANK;FGTS;FGTS;Margem Livre (Novo);FGTS;661;FF
16/06/2023;4747;FGTS;FGTS;BANCO PAN;FGTS;FGTS;Margem Livre (Novo);FGTS;943,21;FF
16/06/2023;4775;NOVO;EMPRESTIMO CONSIGNADO;BANCO OLÉ CONSIGNADO;GOVERNOS - PR;GOVERNOS;Margem Livre (Novo);GOVERNO PR;5933,31;FF
16/06/2023;4775;CARTAO BENEFICIO;CARTAO BENEFICIO;BANCO MASTER;GOVERNOS - PR;GOVERNOS;Cartão c/ saque;GOVERNO PR - CARTÃO BENEFÍCIO;534,66;FF
16/06/2023;4908;FGTS;FGTS;BANCO PAN;FGTS;FGTS;Margem Livre (Novo);FGTS;177,66;FF
16/06/2023;4909;FGTS;FGTS;BANCO PAN;FGTS;FGTS;Margem Livre (Novo);FGTS;267,83;FF
16/06/2023;4938;FGTS;FGTS;BANCO MERCANTIL DO BRASIL;FGTS;FGTS;Margem Livre (Novo);FGTS;274,71;FF
16/06/2023;4938;FGTS;FGTS;BANCO MERCANTIL DO BRASIL;FGTS;FGTS;Margem Livre (Novo);FGTS;3554,47;FF
16/06/2023;5060;FGTS;FGTS;BANCO MASTER;FGTS;FGTS;Margem Livre (Novo);FGTS;973,56;FF
16/06/2023;5064;FGTS;FGTS;BANCO MERCANTIL DO BRASIL;FGTS;FGTS;Margem Livre (Novo);FGTS;156,03;FF
16/06/2023;5064;FGTS;FGTS;BANCO MERCANTIL DO BRASIL;FGTS;FGTS;Margem Livre (Novo);FGTS;153,81;FF
16/06/2023;5064;FGTS;FGTS;BANCO MERCANTIL DO BRASIL;FGTS;FGTS;Margem Livre (Novo);FGTS;115,94;FF
16/06/2023;5064;FGTS;FGTS;BANCO MERCANTIL DO BRASIL;FGTS;FGTS;Margem Livre (Novo);FGTS;156,53;FF
16/06/2023;5064;FGTS;FGTS;BANCO MERCANTIL DO BRASIL;FGTS;FGTS;Margem Livre (Novo);FGTS;152,1;FF
16/06/2023;5064;FGTS;FGTS;BANCO MERCANTIL DO BRASIL;FGTS;FGTS;Margem Livre (Novo);FGTS;135,52;FF
16/06/2023;5064;FGTS;FGTS;BANCO MERCANTIL DO BRASIL;FGTS;FGTS;Margem Livre (Novo);FGTS;161,18;FF
16/06/2023;5064;FGTS;FGTS;BANCO MERCANTIL DO BRASIL;FGTS;FGTS;Margem Livre (Novo);FGTS;135,87;FF
16/06/2023;5064;FGTS;FGTS;BANCO MERCANTIL DO BRASIL;FGTS;FGTS;Margem Livre (Novo);FGTS;102,56;FF
16/06/2023;5093;FGTS;FGTS;BANCO PAN;FGTS;FGTS;Margem Livre (Novo);FGTS;230,83;FF
16/06/2023;5094;CARTAO BENEFICIO;CARTAO BENEFICIO;BANCO MASTER;INSS;INSS;Cartão c/ saque;INSS - CARTÃO BENEFÍCIO;1531,1;FF
16/06/2023;5128;NOVO;EMPRESTIMO CONSIGNADO;BANCO C6 BANK;INSS;INSS;Margem Livre (Novo);INSS;13000;FF
16/06/2023;5374;NOVO;EMPRESTIMO CONSIGNADO;BANCO SANTANDER;PREFEITURAS - AL;PREFEITURAS;Margem Livre (Novo);PREF. DE MACEIÓ - AL;1.431,43;FF
16/06/2023;5406;NOVO;EMPRESTIMO CONSIGNADO;BANCO OLÉ CONSIGNADO;INSS;INSS;Margem Livre (Novo);INSS;1933,27;FF
16/06/2023;5480;FGTS;FGTS;BANCO PAN;FGTS;FGTS;Margem Livre (Novo);FGTS;475,7;FF
16/06/2023;5480;FGTS;FGTS;BANCO MERCANTIL DO BRASIL;FGTS;FGTS;Margem Livre (Novo);FGTS;207,86;FF
16/06/2023;5480;FGTS;FGTS;BANCO PAN;FGTS;FGTS;Margem Livre (Novo);FGTS;154,24;FF
16/06/2023;5480;FGTS;FGTS;BANCO PAN;FGTS;FGTS;Margem Livre (Novo);FGTS;277,74;FF
16/06/2023;5480;FGTS;FGTS;BANCO PAN;FGTS;FGTS;Margem Livre (Novo);FGTS;151,03;FF
16/06/2023;5480;FGTS;FGTS;BANCO PAN;FGTS;FGTS;Margem Livre (Novo);FGTS;1886,46;FF
16/06/2023;5480;FGTS;FGTS;BANCO PAN;FGTS;FGTS;Margem Livre (Novo);FGTS;1148,33;FF
16/06/2023;5480;FGTS;FGTS;BANCO PAN;FGTS;FGTS;Margem Livre (Novo);FGTS;301,36;FF
16/06/2023;5480;FGTS;FGTS;BANCO PAN;FGTS;FGTS;Margem Livre (Novo);FGTS;170,74;FF
16/06/2023;5480;FGTS;FGTS;BANCO PAN;FGTS;FGTS;Margem Livre (Novo);FGTS;130,97;FF
16/06/2023;5480;FGTS;FGTS;BANCO PAN;FGTS;FGTS;Margem Livre (Novo);FGTS;713,8;FF
16/06/2023;5480;FGTS;FGTS;BANCO PAN;FGTS;FGTS;Margem Livre (Novo);FGTS;172,16;FF
16/06/2023;5480;FGTS;FGTS;BANCO PAN;FGTS;FGTS;Margem Livre (Novo);FGTS;148,42;FF
16/06/2023;5480;FGTS;FGTS;BANCO PAN;FGTS;FGTS;Margem Livre (Novo);FGTS;124,15;FF
16/06/2023;5480;FGTS;FGTS;BANCO PAN;FGTS;FGTS;Margem Livre (Novo);FGTS;367;FF
16/06/2023;5480;FGTS;FGTS;BANCO PAN;FGTS;FGTS;Margem Livre (Novo);FGTS;159,73;FF
16/06/2023;5480;FGTS;FGTS;BANCO PAN;FGTS;FGTS;Margem Livre (Novo);FGTS;126,59;FF
16/06/2023;5480;FGTS;FGTS;BANCO PAN;FGTS;FGTS;Margem Livre (Novo);FGTS;241,31;FF
16/06/2023;5480;FGTS;FGTS;BANCO PAN;FGTS;FGTS;Margem Livre (Novo);FGTS;202,84;FF
16/06/2023;5480;FGTS;FGTS;BANCO PAN;FGTS;FGTS;Margem Livre (Novo);FGTS;78,5;FF
16/06/2023;5480;FGTS;FGTS;BANCO PAN;FGTS;FGTS;Margem Livre (Novo);FGTS;554,25;FF
16/06/2023;5480;FGTS;FGTS;BANCO PAN;FGTS;FGTS;Margem Livre (Novo);FGTS;229,8;FF
16/06/2023;5480;FGTS;FGTS;BANCO PAN;FGTS;FGTS;Margem Livre (Novo);FGTS;939;FF
16/06/2023;5480;FGTS;FGTS;BANCO PAN;FGTS;FGTS;Margem Livre (Novo);FGTS;730,41;FF
16/06/2023;5480;FGTS;FGTS;BANCO PAN;FGTS;FGTS;Margem Livre (Novo);FGTS;132,53;FF
16/06/2023;5560;FGTS;FGTS;BANCO C6 BANK;FGTS;FGTS;Margem Livre (Novo);FGTS;235;FF
16/06/2023;5676;REFINANCIAMENTO;EMPRESTIMO CONSIGNADO;BANCO ITAÚ CONSIGNADO;INSS;INSS;Refinanciamento;INSS;279,57;FF
16/06/2023;5676;REFINANCIAMENTO;EMPRESTIMO CONSIGNADO;BANCO ITAÚ CONSIGNADO;INSS;INSS;Refinanciamento;INSS;691,42;FF
16/06/2023;5676;FGTS;FGTS;BANCO BMG;FGTS;FGTS;Margem Livre (Novo);FGTS;1042,31;FF
16/06/2023;5676;NOVO;EMPRESTIMO CONSIGNADO;BANCO DAYCOVAL;INSS;INSS;Margem Livre (Novo);INSS;821,02;FF
16/06/2023;5676;REFINANCIAMENTO;EMPRESTIMO CONSIGNADO;BANCO DAYCOVAL;INSS;INSS;Refinanciamento;INSS;600,06;FF
16/06/2023;5735;FGTS;FGTS;FACTA FINANCEIRA;FGTS;FGTS;Margem Livre (Novo);FGTS;1035,07;FF
16/06/2023;5735;CARTAO COM SAQUE;CARTAO CONSIGNADO;BANCO PAN;INSS;INSS;Cartão c/ saque;INSS;1325;FF
16/06/2023;5735;CARTAO COM SAQUE;CARTAO CONSIGNADO;BANCO PAN;INSS;INSS;Cartão c/ saque;INSS - CARTÃO BENEFÍCIO;1269,96;FF
16/06/2023;5737;FGTS;FGTS;BANCO MERCANTIL DO BRASIL;FGTS;FGTS;Margem Livre (Novo);FGTS;103,29;FF
16/06/2023;5737;FGTS;FGTS;BANCO MERCANTIL DO BRASIL;FGTS;FGTS;Margem Livre (Novo);FGTS;339,05;FF
16/06/2023;5737;FGTS;FGTS;BANCO MERCANTIL DO BRASIL;FGTS;FGTS;Margem Livre (Novo);FGTS;4651,22;FF
16/06/2023;5737;FGTS;FGTS;BANCO MERCANTIL DO BRASIL;FGTS;FGTS;Margem Livre (Novo);FGTS;750,39;FF
16/06/2023;5737;FGTS;FGTS;BANCO PAN;FGTS;FGTS;Margem Livre (Novo);FGTS;550,86;FF
16/06/2023;5737;FGTS;FGTS;BANCO PAN;FGTS;FGTS;Margem Livre (Novo);FGTS;4924,97;FF
16/06/2023;5737;FGTS;FGTS;BANCO PAN;FGTS;FGTS;Margem Livre (Novo);FGTS;541,81;FF
16/06/2023;5737;FGTS;FGTS;BANCO PAN;FGTS;FGTS;Margem Livre (Novo);FGTS;114,75;FF
16/06/2023;5737;FGTS;FGTS;BANCO PAN;FGTS;FGTS;Margem Livre (Novo);FGTS;310,34;FF
16/06/2023;5737;FGTS;FGTS;BANCO PAN;FGTS;FGTS;Margem Livre (Novo);FGTS;193,78;FF
16/06/2023;5737;FGTS;FGTS;BANCO PAN;FGTS;FGTS;Margem Livre (Novo);FGTS;904,51;FF
16/06/2023;5737;FGTS;FGTS;BANCO PAN;FGTS;FGTS;Margem Livre (Novo);FGTS;108,8;FF
16/06/2023;5737;FGTS;FGTS;BANCO PAN;FGTS;FGTS;Margem Livre (Novo);FGTS;273,23;FF
16/06/2023;5737;FGTS;FGTS;BANCO PAN;FGTS;FGTS;Margem Livre (Novo);FGTS;147,27;FF
16/06/2023;5737;FGTS;FGTS;BANCO PAN;FGTS;FGTS;Margem Livre (Novo);FGTS;194,14;FF
16/06/2023;5737;FGTS;FGTS;BANCO PAN;FGTS;FGTS;Margem Livre (Novo);FGTS;89,35;FF
16/06/2023;5737;FGTS;FGTS;BANCO PAN;FGTS;FGTS;Margem Livre (Novo);FGTS;466,31;FF
16/06/2023;5737;FGTS;FGTS;BANCO PAN;FGTS;FGTS;Margem Livre (Novo);FGTS;201,87;FF
16/06/2023;5737;FGTS;FGTS;BANCO PAN;FGTS;FGTS;Margem Livre (Novo);FGTS;749,89;FF
16/06/2023;5737;FGTS;FGTS;BANCO PAN;FGTS;FGTS;Margem Livre (Novo);FGTS;335,75;FF
